year,species_code,sex,age,agepop,mean_length,sd_length
2013,21720,1,1,20086523,17.82,3.3
2013,21720,1,2,170523994,28.73,3.42
2013,21720,1,3,66163621,44.01,4.56
2013,21720,1,4,42738095,50.51,5.08
2013,21720,1,5,43564288,61.03,5.19
2013,21720,1,6,18422080,66.61,6.29
2013,21720,1,7,4178008,71.74,6.73
2013,21720,1,8,1153437,75.67,5.32
2013,21720,1,9,319878,81.06,6.55
2013,21720,1,10,27808,80,0
2013,21720,1,11,115033,81.76,5.57
2013,21720,1,12,29759,101,0
2013,21720,2,1,14690561,18.19,3.47
2013,21720,2,2,161771594,28.87,3.27
2013,21720,2,3,68555942,44.24,5.21
2013,21720,2,4,41511971,50.64,5.55
2013,21720,2,5,43912154,63.03,6.63
2013,21720,2,6,19683028,66.35,6.35
2013,21720,2,7,4991516,78.23,7.99
2013,21720,2,8,1281909,76.1,7.03
2013,21720,2,9,387873,82.06,7.96
2013,21720,2,10,58421,92,0
2013,21720,2,11,29041,94,0
2013,21720,2,12,28626,97,0
2013,21720,2,13,58421,92,0
2013,21720,3,1,39367681,13.41,1.86
2013,21720,3,2,24974,23,0
2013,21720,3,3,66115,44.02,0.81
2013,21720,3,4,36525,48.71,8.74
2013,21720,3,5,102238,65.45,4.78
2013,21720,3,6,58138,67.8,5.98
2013,21720,3,7,28816,74.74,7.45
2013,21720,3,8,7077,76.18,6.28
2014,21720,1,1,133398787,18.46,2.56
2014,21720,1,2,111678081,32.14,3.4
2014,21720,1,3,134397497,44.68,4.91
2014,21720,1,4,109547529,51.73,6.12
2014,21720,1,5,22481079,61.81,5.41
2014,21720,1,6,20987815,65.8,7.01
2014,21720,1,7,5120541,71.12,7.46
2014,21720,1,8,923343,74.86,7.75
2014,21720,1,9,325833,83.21,4.24
2014,21720,1,10,366364,82.79,7.34
2014,21720,2,1,122735043,18.58,2.53
2014,21720,2,2,100030153,31.76,3.6
2014,21720,2,3,137858487,44.11,5.05
2014,21720,2,4,107298132,51.83,6.52
2014,21720,2,5,33111134,60.86,6.08
2014,21720,2,6,20550771,69.17,6.71
2014,21720,2,7,5628732,71.25,8.1
2014,21720,2,8,1199532,83.69,5.65
2014,21720,2,9,422921,81.85,6.01
2014,21720,2,10,329986,89.46,5.34
2014,21720,2,12,429750,84,0
2014,21720,3,1,49878255,15.25,2.28
2014,21720,3,2,968939,24.06,2.07
2014,21720,3,3,31378,44.86,7.94
2014,21720,3,4,69670,55.94,3.45
2014,21720,3,5,32775,62.21,7.69
2014,21720,3,6,48853,71.9,6.55
2014,21720,3,7,18153,76.96,4.53
2014,21720,3,8,4875,80.65,2.76
2014,21720,3,10,4875,80.65,2.76
2014,21740,1,1,43309957,16.11,1.58
2014,21740,1,2,220621578,24.78,2.03
2014,21740,1,3,111378124,33.38,3.59
2014,21740,1,4,156179791,39,3.48
2014,21740,1,5,697284730,42.24,2.87
2014,21740,1,6,2310713981,45.61,2.7
2014,21740,1,7,1058638908,46.91,3.44
2014,21740,1,8,219782435,52.14,4.06
2014,21740,1,9,146454868,52.61,4.73
2014,21740,1,10,50839087,55.87,3.76
2014,21740,1,11,32237803,56.98,5.64
2014,21740,1,12,35524935,58.05,5.53
2014,21740,1,13,44088821,59.66,3.47
2014,21740,1,14,11425921,59.49,6.82
2014,21740,1,15,18333082,62.38,4.53
2014,21740,1,16,7336651,60.54,4.01
2014,21740,1,17,8033934,60.93,4.61
2014,21740,1,18,4158249,53,0
2014,21740,1,19,1054883,71.57,2.64
2014,21740,1,22,779261,70,0
2014,21740,2,1,43898496,16.34,1.67
2014,21740,2,2,197584470,25.99,2.05
2014,21740,2,3,57569020,32.4,2.29
2014,21740,2,4,81328761,37.63,1.55
2014,21740,2,5,507389421,42.31,3.28
2014,21740,2,6,2253845973,46.6,3.17
2014,21740,2,7,1249443981,47.69,3.76
2014,21740,2,8,273361986,53.01,5.18
2014,21740,2,9,149085739,55.26,5.07
2014,21740,2,10,57371039,57.7,3.91
2014,21740,2,11,10258783,63.83,3.16
2014,21740,2,12,22420467,61.8,5.46
2014,21740,2,13,18675022,62.34,3.44
2014,21740,2,14,16378412,64.88,4.47
2014,21740,2,15,15714211,66.52,5.85
2014,21740,2,16,7303059,62.97,5.99
2014,21740,2,17,2751073,66.72,5.48
2014,21740,2,18,3348002,68.44,3.48
2014,21740,2,19,563304,77.79,1.32
2014,21740,2,20,3141035,74.48,2.59
2014,21740,2,21,434605,76,0
2014,21740,2,22,218616,75,0
2014,21740,2,23,718485,72.07,4.05
2014,21740,3,1,1615212115,13.61,1.7
2014,21740,3,2,4551740,20.88,2.49
2015,21720,1,1,22836074,22.09,4.05
2015,21720,1,2,215243259,34.63,3.17
2015,21720,1,3,92232364,45.09,4.55
2015,21720,1,4,95466472,54.64,4.27
2015,21720,1,5,38221532,61.67,5.39
2015,21720,1,6,8464128,70.83,5.49
2015,21720,1,7,5714837,73.16,6.82
2015,21720,1,8,1108549,81.15,4.7
2015,21720,1,9,74342,87,0
2015,21720,1,12,65885,86,0
2015,21720,2,1,26242569,21.34,4.87
2015,21720,2,2,194565622,34.53,3.01
2015,21720,2,3,100531041,44.4,4.45
2015,21720,2,4,91926405,55.31,4.76
2015,21720,2,5,40018787,61.88,6.29
2015,21720,2,6,9760040,72.19,4.28
2015,21720,2,7,5208103,78.94,6.86
2015,21720,2,8,1077498,83.96,6.49
2015,21720,2,9,298948,84.13,15.13
2015,21720,2,10,150724,94.02,1.99
2015,21720,2,11,25737,98,0
2015,21720,2,13,29457,103,0
2015,21720,3,1,8142097,14.67,4.79
2015,21720,3,2,17183162,33.96,3.1
2015,21720,3,3,7059998,44.42,4.07
2015,21720,3,4,2997272,52.75,4.39
2015,21720,3,5,695316,59.59,6.3
2015,21720,3,6,79250,69.86,3.01
2015,21720,3,7,21318,68.43,5.49
2015,21720,3,8,2213,74.42,0.49
2015,21740,1,1,174304301,16.33,1.58
2015,21740,1,2,325884593,24.58,3.39
2015,21740,1,3,933167439,36.16,3.3
2015,21740,1,4,164264124,39.42,2.42
2015,21740,1,5,497180324,43.27,2.54
2015,21740,1,6,892313314,45.42,2.87
2015,21740,1,7,1603853576,48.5,3.07
2015,21740,1,8,436694133,50.2,3.53
2015,21740,1,9,100597723,53.83,3.98
2015,21740,1,10,54695844,55.92,4.02
2015,21740,1,11,2726684,59,0
2015,21740,1,12,3684810,64.36,1.64
2015,21740,1,13,17352679,57.82,4.32
2015,21740,1,14,9818118,60.59,4.36
2015,21740,1,15,6143434,62.65,4.3
2015,21740,1,16,6357666,66.93,3.45
2015,21740,1,18,1189764,64.9,3.68
2015,21740,1,20,1535324,70,0
2015,21740,2,1,146671615,16.63,1.76
2015,21740,2,2,229173538,24.12,3.22
2015,21740,2,3,826714345,36.09,3.73
2015,21740,2,4,182366180,40.12,2.22
2015,21740,2,5,449737992,44.26,2.44
2015,21740,2,6,727802556,46.49,3.37
2015,21740,2,7,1761706509,49.35,3.29
2015,21740,2,8,499046588,51.3,3.61
2015,21740,2,9,130909415,56.15,4.74
2015,21740,2,10,46458915,57.15,4.57
2015,21740,2,11,10965277,59.56,4.11
2015,21740,2,12,9630660,62.57,4.38
2015,21740,2,13,9542104,63.1,3.77
2015,21740,2,14,7591773,65.71,3.36
2015,21740,2,15,5890325,68.03,3.63
2015,21740,2,16,2299683,57,0
2015,21740,2,17,332889,70,0
2015,21740,2,18,553706,72,0
2015,21740,2,19,886595,71.25,0.97
2015,21740,3,1,555739652,13.43,1.74
2015,21740,3,2,1785441,19.1,1.44
2015,21740,3,4,1056,44,0
2015,21740,3,5,16806,46.95,2.75
2015,21740,3,6,94208,49.81,3.43
2015,21740,3,7,458160,51.5,2.7
2015,21740,3,8,188446,52.83,3.03
2015,21740,3,9,65360,55.18,2.86
2015,21740,3,10,31640,55.46,2.66
2015,21740,3,11,4913,57.34,2.13
2015,21740,3,12,2296,59,0
2015,21740,3,13,3291,56.22,2.3
2015,21740,3,14,2105,56.78,0.41
2015,21740,3,15,1228,58,0
2015,21740,3,16,1650,57,0
2016,21720,1,1,32780907,22.53,2.61
2016,21720,1,2,33630933,35.89,3.63
2016,21720,1,3,117863337,45.54,3.94
2016,21720,1,4,76150256,51.19,5.48
2016,21720,1,5,50502859,61.57,6.02
2016,21720,1,6,14722647,67.19,6.86
2016,21720,1,7,3773016,70.31,8.94
2016,21720,1,8,626497,85.87,3.51
2016,21720,1,9,286167,81.9,1.08
2016,21720,1,10,47218,86,0
2016,21720,1,11,107552,85.58,5.49
2016,21720,2,1,31190565,22.44,2.7
2016,21720,2,2,28579321,35.75,4.02
2016,21720,2,3,116751153,45.6,4.23
2016,21720,2,4,71449809,51.92,5.35
2016,21720,2,5,46629563,63.4,6.73
2016,21720,2,6,19441163,69,7.24
2016,21720,2,7,4269054,78.08,7.96
2016,21720,2,8,1832972,79.4,10.11
2016,21720,2,9,521492,82.68,11.3
2016,21720,2,10,138128,100.58,2.28
2016,21720,3,1,8458162,13.84,2.15
2016,21720,3,2,367907,36.84,2.62
2016,21720,3,3,529503,43.22,4.98
2016,21720,3,4,208375,52.08,5.49
2016,21720,3,5,116534,63.05,6.9
2016,21720,3,6,53465,68.45,8.14
2016,21720,3,7,17177,70.61,8.15
2016,21720,3,8,812,70,0
2016,21740,1,1,181009754,16.37,2.35
2016,21740,1,2,163191471,24.05,2.49
2016,21740,1,3,237282081,33.09,3.62
2016,21740,1,4,1289298531,40.99,2.36
2016,21740,1,5,505356205,43.26,2.81
2016,21740,1,6,309113127,45.64,2.28
2016,21740,1,7,488795802,47.35,2.58
2016,21740,1,8,820761768,49.37,2.75
2016,21740,1,9,129730163,50.78,3.54
2016,21740,1,10,50534557,51.42,4.27
2016,21740,1,11,6310056,60.51,2.29
2016,21740,1,13,2189079,56,0
2016,21740,1,14,3446067,61.2,0.4
2016,21740,1,15,1998464,64.55,2.63
2016,21740,1,17,681584,62,0
2016,21740,2,1,159733734,16.71,2.37
2016,21740,2,2,169545601,23.87,2.57
2016,21740,2,3,226626595,33.74,4.89
2016,21740,2,4,1230601891,41.79,2.25
2016,21740,2,5,464373067,44.08,2.66
2016,21740,2,6,343119133,46.71,2.59
2016,21740,2,7,434624897,48.77,3
2016,21740,2,8,714697957,51,3.26
2016,21740,2,9,149736380,51.82,3.62
2016,21740,2,10,45626260,54.98,4.32
2016,21740,2,11,24885975,55.91,4.32
2016,21740,2,12,6123370,49.52,7.18
2016,21740,2,13,7049469,60.97,2.82
2016,21740,2,14,2723897,66,0
2016,21740,3,1,240245026,13.58,1.48
2016,21740,3,2,1836448,20.35,3.37
2016,21740,3,3,495903,29.78,4.08
2016,21740,3,4,1539737,42.13,2.02
2016,21740,3,5,587048,43.84,2.4
2016,21740,3,6,451296,45.74,2.23
2016,21740,3,7,574635,47.17,2.49
2016,21740,3,8,756430,49.12,1.62
2016,21740,3,9,74821,49.13,1.3
2016,21740,3,10,30352,48.33,2.52
2016,21740,3,11,3838,51,0
2016,21740,3,12,3042,47,0
2017,21720,1,1,21148852,22.58,3.2
2017,21720,1,2,39301504,35,4.55
2017,21720,1,3,38333652,46.88,3.64
2017,21720,1,4,77821847,55.87,4.48
2017,21720,1,5,39581344,62.81,6.35
2017,21720,1,6,18599989,69.09,6.43
2017,21720,1,7,3420988,75,5.56
2017,21720,1,8,731483,80.4,2.67
2017,21720,1,9,953208,82.73,2.91
2017,21720,1,13,95861,88,0
2017,21720,2,1,25888537,22.22,3.43
2017,21720,2,2,39648805,34.66,4.83
2017,21720,2,3,41965628,47.36,5.37
2017,21720,2,4,77106190,56.21,4.72
2017,21720,2,5,35065366,63.74,6.23
2017,21720,2,6,23023624,72.36,6.3
2017,21720,2,7,7225696,76.88,6.49
2017,21720,2,8,17724,98,0
2017,21720,2,11,147112,94,0
2017,21720,3,1,2776943,13.99,1.22
2017,21720,3,2,25711,41,0
2017,21720,3,3,3673,41,0
2017,21720,3,4,22037,66.5,3.25
2017,21720,3,5,81922,68.12,3.64
2017,21720,3,6,87818,72.43,3.58
2017,21720,3,7,13910,71.23,3.33
2017,21740,1,1,236994524,16.23,1.8
2017,21740,1,2,80069572,23.49,1.8
2017,21740,1,3,218193264,31.25,3.92
2017,21740,1,4,1068933835,39.71,2.25
2017,21740,1,5,1398726304,44.09,2.75
2017,21740,1,6,586347059,45.46,2.74
2017,21740,1,7,406455532,47.52,3.11
2017,21740,1,8,490931896,48.75,2.92
2017,21740,1,9,536856358,50.63,3.09
2017,21740,1,10,159944363,50.11,3.25
2017,21740,1,11,59436632,52.46,3.73
2017,21740,1,12,10153968,52.75,4.04
2017,21740,1,13,5192614,57.33,0.47
2017,21740,1,15,594550,65,0
2017,21740,1,17,2213139,60,0
2017,21740,1,19,398126,71,0
2017,21740,2,1,146248396,16.33,1.78
2017,21740,2,2,161698694,25.62,5.18
2017,21740,2,3,142920336,31.64,4.96
2017,21740,2,4,803498107,40.79,2.71
2017,21740,2,5,1056352347,44.93,3.35
2017,21740,2,6,574521066,47.09,2.63
2017,21740,2,7,450978720,49.79,3.31
2017,21740,2,8,384562339,51.66,3.32
2017,21740,2,9,525306495,52.51,3.64
2017,21740,2,10,151268496,53.47,4.61
2017,21740,2,11,79467765,55.05,2.4
2017,21740,2,12,21608193,53.12,4.61
2017,21740,2,14,2554702,60,0
2017,21740,2,15,4133172,63,0
2017,21740,2,19,1667530,66,0
2017,21740,3,1,345490024,13.55,1.95
2017,21740,3,2,14672953,22.49,2.82
2017,21740,3,3,11691289,29.35,4.32
2017,21740,3,4,28428177,39.2,2.2
2017,21740,3,5,16799045,42.64,3.15
2017,21740,3,6,5415239,45.07,2.72
2017,21740,3,7,2766345,47.05,2.54
2017,21740,3,8,1940951,48.03,2.47
2017,21740,3,9,1997427,49.56,2.88
2017,21740,3,10,602467,49.29,3.51
2017,21740,3,11,153706,52.88,3.95
2017,21740,3,12,21292,50.51,0.5
2017,21740,3,13,12800,58,0
2018,21720,1,1,10063990,23.75,2.56
2018,21720,1,2,14190154,34.95,3.22
2018,21720,1,3,35978297,44.12,4.87
2018,21720,1,4,21768240,54.99,4.78
2018,21720,1,5,28361003,63.21,5.15
2018,21720,1,6,7826942,70.68,6.32
2018,21720,1,7,2935148,77.72,3.86
2018,21720,1,8,205585,80.41,3.38
2018,21720,1,9,186920,77.18,0.98
2018,21720,2,1,9194091,23.12,2.5
2018,21720,2,2,14138568,35.4,3.92
2018,21720,2,3,32589520,44.1,4.97
2018,21720,2,4,17287296,55.88,5.28
2018,21720,2,5,30059343,64.9,5.41
2018,21720,2,6,11905185,73.45,5.68
2018,21720,2,7,5055239,82.36,5.97
2018,21720,2,8,399273,88.44,5.75
2018,21720,2,9,109874,86,0
2018,21720,2,10,54015,99,0
2018,21720,3,1,482183,19.74,2.5
2018,21720,3,2,60552,32.43,2.06
2018,21720,3,3,154918,51.24,4.47
2018,21720,3,4,462208,55.23,3.81
2018,21720,3,5,426256,62.32,5.16
2018,21720,3,6,96356,71.85,6.92
2018,21720,3,7,35163,80.87,4.13
2018,21720,3,8,1983,76,0
2018,21720,3,9,1983,76,0
2018,21740,1,1,150830838,16.09,1.28
2018,21740,1,2,216919456,22.57,3.43
2018,21740,1,3,87492933,31.48,5.06
2018,21740,1,4,161748443,39.68,3.8
2018,21740,1,5,933538238,42.94,2.44
2018,21740,1,6,550796409,45.99,3.44
2018,21740,1,7,188183849,47.9,3.33
2018,21740,1,8,155203079,48.99,3.04
2018,21740,1,9,161678854,50.96,3.22
2018,21740,1,10,146447841,51.74,3.17
2018,21740,1,11,24491171,52.87,2.42
2018,21740,1,12,8672422,53.35,4.15
2018,21740,1,18,711606,65,0
2018,21740,2,1,137317851,16.36,1.3
2018,21740,2,2,144827145,23.47,2.79
2018,21740,2,3,67168609,30.44,5.27
2018,21740,2,4,112334158,38.5,4.18
2018,21740,2,5,958105215,43.81,2.71
2018,21740,2,6,532322955,46.96,3.63
2018,21740,2,7,199846638,48.76,4.38
2018,21740,2,8,124416432,50.66,3.78
2018,21740,2,9,122015993,52.71,3.67
2018,21740,2,10,80645388,52.68,4.41
2018,21740,2,11,53665096,54.3,3.48
2018,21740,2,13,2074775,55,0
2018,21740,3,1,624719645,13.9,1.52
2018,21740,3,2,6447848,19,1.96
2018,21740,3,3,157767,33.04,4.19
2018,21740,3,4,393676,34.38,2.95
2018,21740,3,5,22429,49,0
2018,21740,3,6,81306,49,0
2018,21740,3,7,61680,49,0
2018,21740,3,8,28036,49,0
2018,21740,3,9,39251,49,0
2018,21740,3,10,22429,49,0
2018,21740,3,11,2804,49,0
2019,21720,1,1,225920052,21.77,3.76
2019,21720,1,2,25301649,41,5.19
2019,21720,1,3,27734386,51.8,4.84
2019,21720,1,4,28054222,58.35,4.88
2019,21720,1,5,21582029,65.52,5.15
2019,21720,1,6,23401264,70.97,4.83
2019,21720,1,7,11086431,75.49,6.38
2019,21720,1,8,1145826,79.62,1
2019,21720,1,10,29943,91,0
2019,21720,2,1,206337338,21.96,3.6
2019,21720,2,2,22730711,41.15,5.11
2019,21720,2,3,28628175,51.85,5.16
2019,21720,2,4,26301309,58.2,5.3
2019,21720,2,5,21787644,67.46,5.54
2019,21720,2,6,28462739,73.54,5.86
2019,21720,2,7,12521474,78.69,6.81
2019,21720,2,8,2869014,88.69,4.17
2019,21720,2,9,336153,89.73,4.95
2019,21720,3,1,3905320,15.61,3.12
2019,21720,3,2,28458,36,0
2019,21740,1,1,278930813,15.91,2.28
2019,21740,1,2,323466121,26.01,2.42
2019,21740,1,3,154924923,34.24,2.16
2019,21740,1,4,232358239,41.85,3.55
2019,21740,1,5,644255525,43.92,2.36
2019,21740,1,6,2148331109,46.31,2.37
2019,21740,1,7,750337416,47.7,2.99
2019,21740,1,8,207000500,49.78,2.83
2019,21740,1,9,190437396,50.34,3.43
2019,21740,1,10,95396099,52.61,3.52
2019,21740,1,11,72634027,52.68,3.3
2019,21740,1,12,17772139,53.86,3.68
2019,21740,1,13,9094296,55.76,0.43
2019,21740,2,1,235878082,15.45,1.68
2019,21740,2,2,201865441,25.3,2.83
2019,21740,2,3,150692446,34,3.13
2019,21740,2,4,153712330,40.44,4.62
2019,21740,2,5,465619174,45.17,2.56
2019,21740,2,6,2125124484,47.59,2.96
2019,21740,2,7,944965557,49.7,3.14
2019,21740,2,8,227030530,51.42,4.29
2019,21740,2,9,131926635,54.26,3.99
2019,21740,2,10,89183312,54.94,3.74
2019,21740,2,11,31531402,53.34,2.44
2019,21740,2,12,22763113,54.69,1.67
2019,21740,2,13,9546081,51.16,1.46
2019,21740,2,14,4777185,60,0
2019,21740,3,1,1898833944,13.77,1.69
2019,21740,3,2,5634007,20.32,2.23
2019,21740,3,3,45494,31,0
2019,21740,3,6,36901,54.48,1.99
2019,21740,3,7,53587,54.96,2.67
2019,21740,3,8,29033,55.26,2.44
2019,21740,3,9,40403,56.45,2.99
2019,21740,3,10,32773,56.96,3.07
2019,21740,3,11,15837,57.17,3.89
2019,21740,3,12,8653,56.49,2.31
2019,21740,3,13,1957,55,0
2021,21720,1,1,58735871,22.35,2.87
2021,21720,1,2,49259950,38.26,3.69
2021,21720,1,3,83862075,45.9,4.84
2021,21720,1,4,38633843,52.96,7.26
2021,21720,1,5,20503608,67.28,7.58
2021,21720,1,6,11397851,74.21,5.51
2021,21720,1,7,6989853,80.14,5.87
2021,21720,1,8,1944312,80.44,6.2
2021,21720,1,9,274278,78,0
2021,21720,2,1,48718089,22.09,2.96
2021,21720,2,2,37385504,38.28,4.48
2021,21720,2,3,83230997,45.73,5.15
2021,21720,2,4,38955534,52.24,7.91
2021,21720,2,5,15499883,65.27,9.37
2021,21720,2,6,11157620,77.18,5.38
2021,21720,2,7,11254934,84.95,5.38
2021,21720,2,8,3043777,85.13,12.12
2021,21720,2,9,823148,95.8,4.7
2021,21720,2,10,208394,101,0
2021,21720,3,1,5058078,19.28,4.03
2021,21720,3,2,359984,38.18,6.04
2021,21720,3,3,969380,47.65,5.27
2021,21720,3,4,828782,55.29,7.57
2021,21720,3,5,541141,67.2,7.2
2021,21720,3,6,354671,76.01,6.42
2021,21720,3,7,575406,86.21,5.86
2021,21720,3,8,107169,87.16,10.17
2021,21720,3,9,5071,78,0
2021,21740,1,1,173156260,16.31,1.47
2021,21740,1,2,259393402,25.24,3.25
2021,21740,1,3,554630031,32.05,4.18
2021,21740,1,4,332989752,39.07,3.67
2021,21740,1,5,282618273,42.83,3.12
2021,21740,1,6,164352161,45.8,2.86
2021,21740,1,7,485059885,47.77,2.87
2021,21740,1,8,618827256,49.01,2.95
2021,21740,1,9,125842051,51.35,2.89
2021,21740,1,10,56738014,55.34,2.95
2021,21740,1,11,38635398,52.71,3.43
2021,21740,1,12,18857837,55.6,3.93
2021,21740,1,13,1411714,64,0
2021,21740,2,1,143141029,16.59,1.89
2021,21740,2,2,207391462,25.57,2.93
2021,21740,2,3,468896398,32.85,3.67
2021,21740,2,4,245367049,39.51,3.19
2021,21740,2,5,246156249,43.43,4.23
2021,21740,2,6,192816739,47.18,3.48
2021,21740,2,7,476155756,49.51,3.13
2021,21740,2,8,637844098,51.26,3.29
2021,21740,2,9,145674842,54.04,3.99
2021,21740,2,10,45685267,55.55,4.46
2021,21740,2,11,27606865,56.57,3.96
2021,21740,2,12,25104476,56.39,4.63
2021,21740,2,13,6430025,58.03,3.32
2021,21740,2,14,4410506,56.38,1.5
2021,21740,3,1,525154162,13.23,1.7
2021,21740,3,2,1582137,22.16,3.25
2021,21740,3,3,1005832,34.19,5.84
2021,21740,3,4,2126490,42.7,2.61
2021,21740,3,5,4450371,44.7,2.46
2021,21740,3,6,3537330,46.44,2.46
2021,21740,3,7,9258256,47.85,2.5
2021,21740,3,8,10023461,48.89,2.95
2021,21740,3,9,1723950,51.93,4.65
2021,21740,3,10,467798,55.44,4.23
2021,21740,3,11,292439,52.55,4.2
2021,21740,3,12,187787,55.99,4.16
2021,21740,3,13,16424,58.01,3.84
2021,21740,3,14,9451,55.48,1.1
2022,21720,1,1,51399559,19.15,2.81
2022,21720,1,2,58988920,38.12,3.38
2022,21720,1,3,51458015,47.96,5.48
2022,21720,1,4,52766272,55.09,5.48
2022,21720,1,5,17969395,63.36,6.58
2022,21720,1,6,8904234,72.84,6.65
2022,21720,1,7,5013067,79.06,5.16
2022,21720,1,8,2520288,84.22,4.44
2022,21720,1,9,1589448,85.1,5.32
2022,21720,1,10,360436,84.05,5.34
2022,21720,2,1,40263138,19.58,2.49
2022,21720,2,2,53324046,37.94,3.4
2022,21720,2,3,45549784,47.53,5.29
2022,21720,2,4,53833249,55.27,6.09
2022,21720,2,5,20231649,62.99,5.75
2022,21720,2,6,8767042,78.06,6.32
2022,21720,2,7,6283170,83.05,6.64
2022,21720,2,8,3498492,87.7,6.08
2022,21720,2,9,1804488,92.27,4.27
2022,21720,2,10,512981,93.7,3.52
2022,21720,2,11,194720,100,0
2022,21720,3,1,14006368,14.71,2.6
2022,21720,3,2,1024309,36.22,2.91
2022,21720,3,3,217326,43.56,6.35
2022,21720,3,4,147996,56.08,5.62
2022,21720,3,5,54383,60.77,3.42
2022,21720,3,6,3863,66,0
2022,21740,1,1,42616665,15.99,1.6
2022,21740,1,2,120170982,25.83,1.85
2022,21740,1,3,236952893,33.17,4.83
2022,21740,1,4,1351222550,38.67,3.31
2022,21740,1,5,648544918,42.2,2.99
2022,21740,1,6,248053941,45.85,3.07
2022,21740,1,7,351754250,47.69,3.16
2022,21740,1,8,445981669,49.72,2.97
2022,21740,1,9,309418346,50.36,3.06
2022,21740,1,10,63538625,52.88,4.01
2022,21740,1,11,28182071,55.71,4.55
2022,21740,1,12,20504120,56.97,3.08
2022,21740,1,13,8846817,53.43,2.41
2022,21740,1,14,3147174,57.41,3.96
2022,21740,2,1,46674340,15.77,1.65
2022,21740,2,2,127493598,26.21,2.29
2022,21740,2,3,223018599,33,3.8
2022,21740,2,4,1160692579,39.68,3.42
2022,21740,2,5,554471187,43.44,2.94
2022,21740,2,6,257063949,46.57,3.56
2022,21740,2,7,256888289,49.21,3.23
2022,21740,2,8,398483326,51.71,3.73
2022,21740,2,9,347181314,53.58,3.76
2022,21740,2,10,138215667,54.05,4.41
2022,21740,2,11,42830371,58.46,5.22
2022,21740,2,12,48395977,57.95,3.87
2022,21740,2,13,19975913,59.74,4.34
2022,21740,2,14,8881556,52.37,1.59
2022,21740,3,1,695675400,12.79,1.94
2022,21740,3,2,2264974,24.19,3.54
2022,21740,3,3,1106352,29.38,2.38
2022,21740,3,4,739987,34.9,2.86
2022,21740,3,5,96647,45.21,5.71
2022,21740,3,6,155315,47.39,5.48
2022,21740,3,7,287115,50.81,2.6
2022,21740,3,8,549766,52.31,3.75
2022,21740,3,9,503194,53.3,3.95
2022,21740,3,10,161202,54.45,3.23
2022,21740,3,11,50541,57.82,6.62
2022,21740,3,12,55010,58.55,4.01
2022,21740,3,13,31217,57.48,4.68
2022,21740,3,14,11202,53.04,1.66
2023,21720,1,1,67898826,19.39,3.05
2023,21720,1,2,85302064,35.22,4.69
2023,21720,1,3,52824659,48.21,6.16
2023,21720,1,4,35532134,56.55,7
2023,21720,1,5,30752508,63.78,6.51
2023,21720,1,6,4512317,73.17,7.16
2023,21720,1,7,3121383,83.21,5.61
2023,21720,1,8,2128037,86.48,3.9
2023,21720,2,1,72091979,19.96,3.34
2023,21720,2,2,86134231,34.62,4.73
2023,21720,2,3,53982925,46.8,5.85
2023,21720,2,4,33985409,58.22,6.1
2023,21720,2,5,28591154,65.21,7.22
2023,21720,2,6,7986668,77.95,8.57
2023,21720,2,7,2769574,86.11,7.41
2023,21720,2,8,1649786,93.68,4.53
2023,21720,2,9,381627,94.85,3.83
2023,21720,2,10,352310,94.92,4
2023,21720,3,1,23677574,14.44,2.6
2023,21720,3,2,475563,29.84,6.85
2023,21720,3,3,342526,49.87,5.3
2023,21720,3,4,296418,57.72,7.26
2023,21720,3,5,300170,67.91,8.57
2023,21720,3,6,101686,77.94,6.18
2023,21720,3,7,69542,85.28,7.87
2023,21720,3,8,81384,89.87,3.54
2023,21740,1,1,25785143,18.25,3.43
2023,21740,1,2,123308889,26.79,3.63
2023,21740,1,3,147704247,36.8,5.31
2023,21740,1,4,262019271,39.38,2.85
2023,21740,1,5,972650519,41.9,2.92
2023,21740,1,6,271552318,45.72,3.36
2023,21740,1,7,147222518,49.06,3.25
2023,21740,1,8,127728131,50.95,3.59
2023,21740,1,9,250743986,51.05,3.21
2023,21740,1,10,169831013,51.49,2.82
2023,21740,1,11,44421665,53.23,3.55
2023,21740,1,12,22353333,54.82,3.2
2023,21740,1,13,7663225,58.67,2.22
2023,21740,1,14,6325928,63.88,2.24
2023,21740,1,15,4134122,59,0
2023,21740,2,1,43550485,18.5,2.98
2023,21740,2,2,171411015,26.49,3.44
2023,21740,2,3,113448998,36.67,4.35
2023,21740,2,4,230544016,39.66,3.28
2023,21740,2,5,1076183399,42.84,2.74
2023,21740,2,6,322487162,46.56,3.42
2023,21740,2,7,163890934,50.34,3.54
2023,21740,2,8,200859205,52.87,3.11
2023,21740,2,9,288088716,53.81,3.83
2023,21740,2,10,221141782,54.96,3.69
2023,21740,2,11,38484671,56.98,4.52
2023,21740,2,12,11095165,58.78,3.67
2023,21740,2,13,9970649,59.04,3.22
2023,21740,2,14,2497409,58.11,5.22
2023,21740,2,15,3680459,61.56,2.5
2023,21740,3,1,1020794091,12.54,1.78
2023,21740,3,2,4187059,22.94,2.63
2023,21740,3,3,274141,30.81,4.96
2023,21740,3,4,86391,37.52,3.85
2023,21740,3,5,294879,40.75,1.06
2023,21740,3,6,42452,40.98,0.13
2013,21720,0,1,73562777,15.5,3.48
2013,21720,0,2,333111314,28.79,3.36
2013,21720,0,3,134000101,44.13,4.9
2013,21720,0,4,84479832,50.52,5.29
2013,21720,0,5,87319382,61.93,6
2013,21720,0,6,37943015,66.37,6.18
2013,21720,0,7,10036423,75.42,8.1
2013,21720,0,8,2604732,76.13,6.25
2013,21720,0,9,659747,81.93,7.73
2013,21720,0,10,150597,88.32,7.74
2013,21720,0,11,159995,83.91,6.9
2013,21720,0,12,58385,99.04,2
2013,21720,0,13,58421,92,0
2014,21720,0,1,306169195,17.99,2.78
2014,21720,0,2,211789674,31.92,3.54
2014,21720,0,3,274239447,44.4,5.03
2014,21720,0,4,217250972,51.84,6.35
2014,21720,0,5,54627120,61.32,5.94
2014,21720,0,6,40869501,67.53,7.09
2014,21720,0,7,11166956,71.43,7.92
2014,21720,0,8,2404099,80.56,8.44
2014,21720,0,9,967844,84.23,5.72
2014,21720,0,10,634234,84.55,7.16
2014,21720,0,12,257287,84,0
2014,21740,0,1,1706018473,13.75,1.81
2014,21740,0,2,457237773,25.29,2.37
2014,21740,0,3,176808724,33.03,3.11
2014,21740,0,4,252076768,38.65,3.16
2014,21740,0,5,1183662037,42.31,3.07
2014,21740,0,6,4566976649,46.07,2.98
2014,21740,0,7,2302698635,47.31,3.64
2014,21740,0,8,509894726,52.76,4.74
2014,21740,0,9,297980214,53.99,5.01
2014,21740,0,10,109323537,56.9,4.15
2014,21740,0,11,41335142,58.91,6.24
2014,21740,0,12,58855392,59.32,5.9
2014,21740,0,13,61628915,60.88,3.84
2014,21740,0,14,27112221,62.26,6.43
2014,21740,0,15,30811326,64.39,6.03
2014,21740,0,16,15643819,62.91,6.03
2014,21740,0,17,10322332,63.34,5.64
2014,21740,0,18,7786033,59.81,7.8
2014,21740,0,19,1549599,74.32,3.75
2014,21740,0,20,1377708,76.76,2.9
2014,21740,0,21,394860,76,0
2014,21740,0,22,1006454,71.89,2.42
2014,21740,0,23,833500,72.49,4.33
2015,21720,0,1,61476124,20.14,5.42
2015,21720,0,2,428502450,34.59,3.1
2015,21720,0,3,198956776,44.79,4.52
2015,21720,0,4,188053226,54.89,4.52
2015,21720,0,5,80002051,61.71,5.84
2015,21720,0,6,18318518,71.51,4.95
2015,21720,0,7,11404362,75.62,7.66
2015,21720,0,8,2095280,81.99,6.21
2015,21720,0,9,350820,85.38,14.03
2015,21720,0,10,170400,94.29,2.09
2015,21720,0,11,17158,98,0
2015,21720,0,12,294334,86,0
2015,21720,0,13,29457,103,0
2015,21740,0,1,894200340,14.53,2.27
2015,21740,0,2,597981033,24.77,3.52
2015,21740,0,3,1800636956,35.9,3.66
2015,21740,0,4,401309517,39.8,2.42
2015,21740,0,5,927104631,43.69,2.57
2015,21740,0,6,1603104995,45.94,3.21
2015,21740,0,7,3381641108,48.96,3.2
2015,21740,0,8,935083226,50.75,3.68
2015,21740,0,9,233103128,55.24,4.45
2015,21740,0,10,105160559,56.56,4.65
2015,21740,0,11,14589650,59.56,3.74
2015,21740,0,12,13075588,62.71,3.97
2015,21740,0,13,26480785,59.75,5.11
2015,21740,0,14,15583887,62.97,4.74
2015,21740,0,15,15305718,66.34,4.69
2015,21740,0,16,8858487,64.17,5.49
2015,21740,0,17,477813,70,0
2015,21740,0,18,2573354,68.94,6.19
2015,21740,0,19,1130890,71.15,0.99
2015,21740,0,20,955627,70,0
2016,21720,0,1,73010503,21.47,3.85
2016,21720,0,2,62308674,35.84,3.84
2016,21720,0,3,235425740,45.56,4.1
2016,21720,0,4,148273344,51.58,5.45
2016,21720,0,5,96767029,62.49,6.48
2016,21720,0,6,33705159,67.97,7.06
2016,21720,0,7,8187073,74.63,9.2
2016,21720,0,8,2687780,81.79,9.17
2016,21720,0,9,1050406,82.68,7.96
2016,21720,0,10,222888,95.26,7.15
2016,21720,0,11,98512,84.41,4.81
2016,21740,0,1,595882536,15.43,2.59
2016,21740,0,2,355872085,24.03,2.72
2016,21740,0,3,532279385,33.23,4.12
2016,21740,0,4,2486519694,41.39,2.32
2016,21740,0,5,967690172,43.61,2.79
2016,21740,0,6,664991235,46.19,2.51
2016,21740,0,7,937223596,47.94,2.88
2016,21740,0,8,1541660511,50.17,3.12
2016,21740,0,9,274157514,51.36,3.77
2016,21740,0,10,100612333,53.13,4.65
2016,21740,0,11,33910646,57.1,4.6
2016,21740,0,12,7214243,50.61,8.36
2016,21740,0,13,10125933,60.37,3.45
2016,21740,0,14,9427406,63.21,2.31
2016,21740,0,15,3553061,64.54,2.62
2016,21740,0,17,1973556,62,0
2017,21720,0,1,53169484,21.71,3.96
2017,21720,0,2,81330922,34.77,4.73
2017,21720,0,3,79288463,47.16,4.59
2017,21720,0,4,154772959,56.03,4.65
2017,21720,0,5,74923577,63.2,6.25
2017,21720,0,6,42270706,70.99,6.7
2017,21720,0,7,11907601,77.07,6.9
2017,21720,0,8,649962,81.19,3.93
2017,21720,0,9,1013885,82.63,3.39
2017,21720,0,11,180368,94,0
2017,21720,0,13,207434,88,0
2017,21740,0,1,779109270,15.04,2.29
2017,21740,0,2,251323172,24.83,4.21
2017,21740,0,3,444848850,31.42,4.3
2017,21740,0,4,1917262345,40.16,2.55
2017,21740,0,5,2439037647,44.48,2.99
2017,21740,0,6,1173338983,46.23,2.82
2017,21740,0,7,841737472,48.65,3.34
2017,21740,0,8,866662129,50.03,3.5
2017,21740,0,9,1094555581,51.72,3.67
2017,21740,0,10,311946353,51.57,4.13
2017,21740,0,11,143388774,53.86,3.27
2017,21740,0,12,32645713,54.04,5.4
2017,21740,0,13,7678903,57.31,0.46
2017,21740,0,14,2461548,60,0
2017,21740,0,15,7951348,63.44,0.83
2017,21740,0,17,2461548,60,0
2017,21740,0,19,3263504,67.94,2.44
2018,21720,0,1,21820744,22.97,2.78
2018,21720,0,2,28064038,35.1,3.55
2018,21720,0,3,68940383,44.09,4.91
2018,21720,0,4,40246441,55.48,5.04
2018,21720,0,5,58452788,64.1,5.38
2018,21720,0,6,19971539,72.52,6.16
2018,21720,0,7,7509060,80.73,5.81
2018,21720,0,8,907232,85.49,5.86
2018,21720,0,9,382018,80.26,4.28
2018,21720,0,10,54015,99,0
2018,21740,0,1,946278860,14.76,1.9
2018,21740,0,2,326474421,23.22,3.01
2018,21740,0,3,171712417,31.05,5.15
2018,21740,0,4,279263431,39.23,4.03
2018,21740,0,5,1891201673,43.39,2.62
2018,21740,0,6,1089679791,46.48,3.6
2018,21740,0,7,384560760,48.32,3.88
2018,21740,0,8,293013895,49.82,3.45
2018,21740,0,9,278151854,51.71,3.59
2018,21740,0,10,214957060,52.11,3.81
2018,21740,0,11,81105050,53.99,3.33
2018,21740,0,12,6817356,52.77,3.59
2018,21740,0,13,2348094,55,0
2018,21740,0,18,1498587,65,0
2019,21720,0,1,440040346,21.78,3.8
2019,21720,0,2,52027971,40.36,5.58
2019,21720,0,3,56434562,51.81,4.97
2019,21720,0,4,54506139,58.37,5.11
2019,21720,0,5,43201577,66.52,5.46
2019,21720,0,6,52397480,72.51,5.58
2019,21720,0,7,23954953,77.32,6.99
2019,21720,0,8,3630387,86.99,5.08
2019,21720,0,9,363240,89.44,4.97
2019,21720,0,10,186865,91,0
2019,21740,0,1,2428200387,14.17,1.94
2019,21740,0,2,623901363,25.51,2.66
2019,21740,0,3,313281527,33.99,2.71
2019,21740,0,4,395295668,41.16,4.23
2019,21740,0,5,1114574884,44.45,2.51
2019,21740,0,6,4240598411,46.94,2.75
2019,21740,0,7,1707997643,48.83,3.31
2019,21740,0,8,436076921,50.68,3.71
2019,21740,0,9,321944216,51.69,4.04
2019,21740,0,10,185173560,53.68,3.83
2019,21740,0,11,110927087,52.87,3.09
2019,21740,0,12,45935308,54.59,2.83
2019,21740,0,13,19199819,53.36,2.49
2019,21740,0,14,5405827,60,0
2021,21720,0,1,117732402,21.99,3.23
2021,21720,0,2,85761203,38.19,4.16
2021,21720,0,3,170812179,45.81,5.1
2021,21720,0,4,79295220,52.69,7.7
2021,21720,0,5,38176395,66.51,8.45
2021,21720,0,6,22172801,75.75,5.85
2021,21720,0,7,19573598,83.28,5.97
2021,21720,0,8,5825270,84.09,10.42
2021,21720,0,9,1258749,91.3,8.6
2021,21720,0,10,222496,101,0
2021,21740,0,1,851655475,14.45,2.34
2021,21740,0,2,472700115,25.4,2.95
2021,21740,0,3,1013929330,32.51,4.02
2021,21740,0,4,589516270,39.2,3.5
2021,21740,0,5,523800033,43.19,3.7
2021,21740,0,6,350300118,46.57,3.33
2021,21740,0,7,975024981,48.61,3.13
2021,21740,0,8,1277955742,50.11,3.34
2021,21740,0,9,281935613,53.02,4.08
2021,21740,0,10,98465543,55.43,3.66
2021,21740,0,11,63877455,54.47,4.29
2021,21740,0,12,45492003,55.99,4.38
2021,21740,0,13,8103708,59.2,3.72
2021,21740,0,14,4441993,56.46,1.5
2022,21720,0,1,112883258,18.61,3.26
2022,21720,0,2,114416842,37.99,3.47
2022,21720,0,3,96819735,47.73,5.42
2022,21720,0,4,107282563,55.22,5.82
2022,21720,0,5,37890290,63.11,6.06
2022,21720,0,6,17264946,75.54,6.9
2022,21720,0,7,11657209,81.48,6.62
2022,21720,0,8,6526306,86.69,5.79
2022,21720,0,9,3615828,88.86,6.03
2022,21720,0,10,876114,88.88,7.01
2022,21720,0,11,210957,100,0
2022,21740,0,1,785673090,13.14,2.15
2022,21740,0,2,258626380,25.66,2.24
2022,21740,0,3,490974576,32.98,4.38
2022,21740,0,4,2485975552,39.14,3.39
2022,21740,0,5,1202062303,42.78,2.99
2022,21740,0,6,507341251,46.11,3.46
2022,21740,0,7,610267381,48.33,3.3
2022,21740,0,8,856607107,50.61,3.47
2022,21740,0,9,659802979,52.04,3.82
2022,21740,0,10,197045325,53.89,4.21
2022,21740,0,11,72020571,57.46,5.17
2022,21740,0,12,66738009,57.88,3.82
2022,21740,0,13,31056998,57.66,4.85
2022,21740,0,14,13255100,54.02,3.46
2023,21720,0,1,168124819,19,3.74
2023,21720,0,2,177344873,34.71,4.88
2023,21720,0,3,106390657,47.64,6.03
2023,21720,0,4,70269695,57.4,6.65
2023,21720,0,5,59190271,64.67,7.06
2023,21720,0,6,12985503,76.63,8.49
2023,21720,0,7,6788705,85.14,7.2
2023,21720,0,8,5079652,90.36,5.41
2023,21720,0,9,307334,95.54,3.97
2023,21720,0,10,440665,95.21,3.99
2023,21740,0,1,1111148974,12.99,2.49
2023,21740,0,2,330107307,26.15,3.48
2023,21740,0,3,264375834,36.61,4.91
2023,21740,0,4,492046355,39.34,3.17
2023,21740,0,5,2060270843,42.34,2.88
2023,21740,0,6,601765342,46.16,3.4
2023,21740,0,7,309261505,49.76,3.48
2023,21740,0,8,328823245,52.13,3.43
2023,21740,0,9,545899904,52.6,3.84
2023,21740,0,10,389175180,53.47,3.74
2023,21740,0,11,83198205,54.92,4.41
2023,21740,0,12,33941258,55.92,4.03
2023,21740,0,13,16269321,58.87,3.24
2023,21740,0,14,11483880,63.69,4.7
2023,21740,0,15,6368685,60.63,2.35
2013,21720,4,1,74144765,15.551789079916837,2.5691046324039193
2013,21720,4,2,332320562,28.797720522631998,3.3467239137011333
2013,21720,4,3,134785678,44.126989638988206,4.8887695822548745
2013,21720,4,4,84286591,50.57324625503006,5.313065635196944
2013,21720,4,5,87578680,62.0379644950118,5.911540724066634
2013,21720,4,6,38163246,66.47771557482297,6.32047327001482
2013,21720,4,7,9198340,75.27122268148382,7.415999612973646
2013,21720,4,8,2442423,75.89716382051758,6.220277433515816
2013,21720,4,9,707751,81.60803596180013,7.322730706138176
2013,21720,4,10,86229,88.13011863758132,0
2013,21720,4,11,144074,84.22721712453323,4.447254952316171
2013,21720,4,12,58385,99.03881133852873,0
2013,21720,4,13,58421,92,0
2014,21720,4,1,306012085,17.984917477066304,2.502329196933513
2014,21720,4,2,212677173,31.92445977716659,3.48800823081281
2014,21720,4,3,272287362,44.39143100813471,4.981230862047869
2014,21720,4,4,216915331,51.78081763400116,6.317004212210339
2014,21720,4,5,55624988,61.244742038955586,5.810165241923288
2014,21720,4,6,41587439,67.47247859552016,6.861212197029011
2014,21720,4,7,10767426,71.197803987694,7.78962382931631
2014,21720,4,8,2127750,79.85123196334156,6.554679379626366
2014,21720,4,9,748754,82.44182706202571,5.23975448545183
2014,21720,4,10,701225,85.9139247317195,6.366989197475846
2014,21720,4,12,429750,84,0
2014,21740,4,1,1702420568,13.743996141064008,1.696173595501344
2014,21740,4,2,422757788,25.303527724343187,2.0443001263882095
2014,21740,4,3,168947144,33.04606337186736,3.147022840232209
2014,21740,4,4,237508552,38.53087835519287,2.8191206025709756
2014,21740,4,5,1204674151,42.26948287671029,3.0426854207316683
2014,21740,4,6,4564559954,46.098832995021716,2.932072229959804
2014,21740,4,7,2308082889,47.3322406005541,3.6132269130478356
2014,21740,4,8,493144421,52.62226222926285,4.680843329625745
2014,21740,4,9,295540607,53.94679500884966,4.901513321890146
2014,21740,4,10,108210126,56.84023268755828,3.8395272694719904
2014,21740,4,11,42496586,58.633607269769854,5.041321747586971
2014,21740,4,12,57945402,59.500965017897364,5.502915319665916
2014,21740,4,13,62763843,60.45741865009763,3.4610736718272657
2014,21740,4,14,27804333,62.66503177220615,5.435709709706038
2014,21740,4,15,34047293,64.29077844397204,5.139233706773693
2014,21740,4,16,14639710,61.75221208411915,4.997728364837828
2014,21740,4,17,10785007,62.40693113875587,4.831922295460727
2014,21740,4,18,7506251,59.88668029886024,1.552179238344148
2014,21740,4,19,1618187,73.73523237425587,2.180497309643447
2014,21740,4,20,3141035,74.48,2.59
2014,21740,4,21,434605,76,0
2014,21740,4,22,997877,71.0954055459741,0
2014,21740,4,23,718485,72.07,4.05
2015,21720,4,1,57220740,20.690222812742377,4.531364944948283
2015,21720,4,2,426992043,34.55747105889278,3.0942765260147946
2015,21720,4,3,199823403,44.71918949513636,4.48273108685873
2015,21720,4,4,190390149,54.93374338726948,4.508476682372889
2015,21720,4,5,78935635,61.75814381476756,5.854297853054581
2015,21720,4,6,18303418,71.55100095730755,4.834046647462239
2015,21720,4,7,10944258,75.90134630232583,6.836444347346343
2015,21720,4,8,2188260,82.52683634028864,5.5771374014056825
2015,21720,4,9,373290,84.70157046800074,12.116807950922876
2015,21720,4,10,150724,94.02,1.99
2015,21720,4,11,25737,98,0
2015,21720,4,12,65885,86,0
2015,21720,4,13,29457,103,0
2015,21740,4,1,876715568,14.541913232160148,1.7115355164538382
2015,21740,4,2,556843572,24.373112374905894,3.3137827038973167
2015,21740,4,3,1759881784,36.12711710713974,3.5019949132844705
2015,21740,4,4,346631360,39.78829086231552,2.314770653411163
2015,21740,4,5,946935122,43.74025656543342,2.492509661015615
2015,21740,4,6,1620210078,45.900902025373036,3.094633854227884
2015,21740,4,7,3366018245,48.94528130971258,3.1850932302150965
2015,21740,4,8,935929167,50.78706030237436,3.572556109419763
2015,21740,4,9,231572498,55.141891875865156,4.409316749867249
2015,21740,4,10,101186399,56.48460069351811,4.27210278359644
2015,21740,4,11,13696874,59.4477225635572,3.2910978928476675
2015,21740,4,12,13317766,63.06464851537413,3.621131291839787
2015,21740,4,13,26898074,59.69288664311058,4.124640100997565
2015,21740,4,14,17411996,62.82190136903316,3.9235142719996032
2015,21740,4,15,12034987,65.28267740131335,3.9716408459768178
2015,21740,4,16,8658999,64.29086853803773,2.5330812141218635
2015,21740,4,17,332889,70,0
2015,21740,4,18,1743470,67.15487826002169,2.51127436663665
2015,21740,4,19,886595,71.25,0.97
2015,21740,4,20,1535324,70,0
2016,21720,4,1,72429634,21.476445337139218,2.5950392220675864
2016,21720,4,2,62578161,35.83164748161903,3.8021742689114815
2016,21720,4,3,235143993,45.56456631847704,4.086329561946327
2016,21720,4,4,147808440,51.54413278375714,5.417172793245094
2016,21720,4,5,97248956,62.449233815219564,6.361489934863671
2016,21720,4,6,34217275,68.22035297024675,7.077903884514474
2016,21720,4,7,8059247,74.42647672294943,8.419201623923426
2016,21720,4,8,2460281,81.04444743913399,8.426009626542658
2016,21720,4,9,807659,82.4036330431531,7.678884232083096
2016,21720,4,10,185346,96.86565795862874,1.6991563885921463
2016,21720,4,11,107552,85.58,5.49
2016,21740,4,1,580988514,15.309782563446685,1.9957442910136431
2016,21740,4,2,334573520,23.93847573537798,2.535370363799263
2016,21740,4,3,464404579,33.403661523608704,4.2402434343999005
2016,21740,4,4,2521440159,41.38114028126336,2.306106308291729
2016,21740,4,5,970316320,43.65278572865805,2.7379650890237524
2016,21740,4,6,652683556,46.202573698286955,2.442934036643632
2016,21740,4,7,923995334,48.0178214669859,2.7775017977634073
2016,21740,4,8,1536216155,50.12820616689843,2.9867122562709936
2016,21740,4,9,279541364,51.336634547114826,3.582252463789223
2016,21740,4,10,96191169,53.10763618955499,4.293164257417435
2016,21740,4,11,31199869,56.83972867995055,3.9089087277898504
2016,21740,4,12,6126412,49.51874872274343,7.176434852895953
2016,21740,4,13,9238548,59.79235578253207,2.151799458096662
2016,21740,4,14,6169964,63.31908944687521,0.2234092127603986
2016,21740,4,15,1998464,64.55,2.63
2016,21740,4,17,681584,62,0
2017,21720,4,1,49814332,21.914050817142343,3.2091543206882713
2017,21720,4,2,78976020,34.83126108785933,4.689088806323743
2017,21720,4,3,80302953,47.13057489728927,4.543916531189083
2017,21720,4,4,154950074,56.04070245419824,4.599253767442538
2017,21720,4,5,74728632,63.25221064022689,6.290720813141608
2017,21720,4,6,41711431,70.9019868052477,6.352243079600889
2017,21720,4,7,10660594,76.26933525280111,6.187439519786608
2017,21720,4,8,749207,80.81636343493855,2.606835774358755
2017,21720,4,9,953208,82.73,2.91
2017,21720,4,11,147112,94,0
2017,21720,4,13,95861,88,0
2017,21740,4,1,728732944,14.979489189115073,1.86710076178469
2017,21740,4,2,256441219,24.775851262546055,3.9896167861376446
2017,21740,4,3,372804889,31.339927688528785,4.33124370834096
2017,21740,4,4,1900860119,40.15889130807736,2.4436953259683807
2017,21740,4,5,2471877696,44.43911814513577,3.009127313311864
2017,21740,4,6,1166283364,46.26114097757979,2.6857202048883897
2017,21740,4,7,860200597,48.708584983334994,3.213021234417953
2017,21740,4,8,877435186,50.0238022586776,3.094316587812333
2017,21740,4,9,1064160280,51.556024944015014,3.361104943495918
2017,21740,4,10,311815326,51.73842580617734,3.9102683666036353
2017,21740,4,11,139058103,53.940575841524314,2.970185865831925
2017,21740,4,12,31783453,53.00004637885002,4.425146835052818
2017,21740,4,13,5205414,57.33164751545218,0.46884428020518637
2017,21740,4,14,2554702,60,0
2017,21740,4,15,4727722,63.25151648087599,0
2017,21740,4,17,2213139,60,0
2017,21740,4,19,2065656,66.96367933479728,0
2018,21720,4,1,19740264,23.35862574279655,2.5305892261623253
2018,21720,4,2,28389274,35.168736293150715,3.5661433103220603
2018,21720,4,3,68722735,44.126565887693495,4.916520046095371
2018,21720,4,4,39517744,55.38214342195243,4.987382947771512
2018,21720,4,5,58846602,64.06681959733207,5.2828826384911745
2018,21720,4,6,19828483,72.3488164682089,5.938654397313199
2018,21720,4,7,8025550,80.656505586533,5.190257527521478
2018,21720,4,8,606841,85.67895374570934,4.928304201594816
2018,21720,4,9,298777,80.4156866157703,0.6131047570596131
2018,21720,4,10,54015,99,0
2018,21740,4,1,912868334,14.631892457866767,1.4472520188656253
2018,21740,4,2,368194449,22.861491665427035,3.152516975371348
2018,21740,4,3,154819309,31.03038401030456,5.150222277119192
2018,21740,4,4,274476277,39.18946292804751,3.9543024260708695
2018,21740,4,5,1891665882,43.38071601899833,2.5767227076150228
2018,21740,4,6,1083200670,46.46691809257282,3.5331144815576967
2018,21740,4,7,388092167,48.343028670248835,3.870164407647011
2018,21740,4,8,279647547,49.73299139766815,3.3689245023844245
2018,21740,4,9,283734098,51.71229257708038,3.4130709386575036
2018,21740,4,10,227115658,52.07350941069858,3.609992478149613
2018,21740,4,11,78159071,53.85171888199643,3.147723799071256
2018,21740,4,12,8672422,53.35,4.15
2018,21740,4,13,2074775,55,0
2018,21740,4,18,711606,65,0
2019,21720,4,1,436162710,21.804728606257974,3.6785776819847804
2019,21720,4,2,48060818,41.06798295963252,5.149090294717831
2019,21720,4,3,56362561,51.82539644623317,5.002537255892258
2019,21720,4,4,54355531,58.27741867704319,5.083227704279072
2019,21720,4,5,43369673,66.49459875614002,5.345924492213719
2019,21720,4,6,51864003,72.38040480870711,5.3952595147736675
2019,21720,4,7,23607905,77.18725847338,6.608069107360437
2019,21720,4,8,4014840,86.1014430911319,3.265289371431987
2019,21720,4,9,336153,89.73,4.95
2019,21720,4,10,29943,91,0
2019,21740,4,1,2413642839,14.181488850600402,1.7572056346651546
2019,21740,4,2,530965569,25.679692399696826,2.5738600132469225
2019,21740,4,3,305662863,34.12119725358982,2.637890588821711
2019,21740,4,4,386070569,41.288614588360396,3.9760158797548746
2019,21740,4,5,1109874699,44.44440511350012,2.4439048181600183
2019,21740,4,6,4273492494,46.94658958673955,2.6633922137315915
2019,21740,4,7,1695356560,48.81499857918974,3.0735975682366194
2019,21740,4,8,434060063,50.63815121406366,3.593611488786058
2019,21740,4,9,322404434,51.944814378979665,3.659094672686791
2019,21740,4,10,184612184,53.73635945799764,3.6261987370779387
2019,21740,4,11,104181266,52.880437509081524,3.0398029134143942
2019,21740,4,12,40543905,54.326559429339625,2.551206122350573
2019,21740,4,13,18642334,53.40442263935406,0.9573814920384969
2019,21740,4,14,4777185,60,0
2021,21720,4,1,112512038,22.09940456949149,2.961119125315284
2021,21720,4,2,87005438,38.268262832491004,4.039179445082502
2021,21720,4,3,168062452,45.82590341065593,4.996004164868427
2021,21720,4,4,78418159,52.62695312982291,7.586174700428762
2021,21720,4,5,36544632,66.42630263317469,8.333575983197752
2021,21720,4,6,22910142,75.68430510033504,5.460775512871112
2021,21720,4,7,18820193,83.20208055145875,5.576662321688199
2021,21720,4,8,5095258,83.38302855910338,9.819958159135416
2021,21720,4,9,1102497,91.28986328307468,3.5091212039579247
2021,21720,4,10,208394,101,0
2021,21740,4,1,841451451,14.435387591921808,1.68499123832398
2021,21740,4,2,468367001,25.37571878540606,3.1083049879724554
2021,21740,4,3,1024532261,32.4182359387217,3.9482186389833944
2021,21740,4,4,580483291,39.26928335932067,3.463223569427427
2021,21740,4,5,533224893,43.122589384363195,3.6269084265914047
2021,21740,4,6,360706230,46.543959956056206,3.187500432082917
2021,21740,4,7,970473897,48.624481175107796,2.9940372793251955
2021,21740,4,8,1266694815,50.14203779489694,3.121206979575424
2021,21740,4,9,273240843,52.78779828691277,3.487555169305345
2021,21740,4,10,102891079,55.433697976187034,3.6262834570915525
2021,21740,4,11,66534702,54.31090457247407,3.6532942514719613
2021,21740,4,12,44150100,56.050865863723985,4.329009837123811
2021,21740,4,13,7858163,59.102464913237355,2.7246509343214185
2021,21740,4,14,4419957,56.378075569513456,1.4991446975615372
2022,21720,4,1,105669065,18.725323917364083,2.6602348682653716
2022,21720,4,2,113337275,38.01814017162491,3.3851620765542494
2022,21720,4,3,97225125,47.74871056715021,5.392930064733783
2022,21720,4,4,106747517,55.1821473504625,5.787819818703605
2022,21720,4,5,38255427,63.160641041073724,6.1365565390238626
2022,21720,4,6,17675139,75.42767618857198,6.484863374483222
2022,21720,4,7,11296237,81.27930969578631,5.983202593925747
2022,21720,4,8,6018780,86.24279401473387,5.393270742575738
2022,21720,4,9,3393936,88.9121458271458,4.761735966735967
2022,21720,4,10,873417,89.71770128128946,4.271065665083231
2022,21720,4,11,194720,100,0
2022,21740,4,1,784966405,13.140923121607987,1.9042975488868215
2022,21740,4,2,249929554,26.00898247391743,2.0897675193706786
2022,21740,4,3,461077844,33.07867868309456,4.325920868038934
2022,21740,4,4,2512655116,39.135447783244445,3.3606807276211956
2022,21740,4,5,1203112752,42.7717129821844,2.9671753067496374
2022,21740,4,6,505273205,46.216782221075825,3.320034323826849
2022,21740,4,7,608929654,48.33271134688408,3.1892667563698582
2022,21740,4,8,845014761,50.660108681344084,3.328900411255656
2022,21740,4,9,657102854,52.06354338689267,3.4305276289364586
2022,21740,4,10,201915494,53.68214457207529,4.2831862134364
2022,21740,4,11,71062983,57.368953181855595,4.955287918183789
2022,21740,4,12,68955107,57.659071126522946,3.6352015332236376
2022,21740,4,13,28853947,57.802865864070526,3.7486166779886303
2022,21740,4,14,12039932,53.68805248567849,2.209570485946266
2023,21720,4,1,163668379,18.92496476390226,3.1126374237506194
2023,21720,4,2,171911858,34.90449490238189,4.716016735390062
2023,21720,4,3,107150110,47.50493930440202,6.001070820085952
2023,21720,4,4,69813961,57.36792296658257,6.562984265854791
2023,21720,4,5,59643832,64.48627675834108,6.860716391596032
2023,21720,4,6,12600671,76.238194960411235,8.045790098003511
2023,21720,4,7,5960499,84.58164967899499,6.47274624322561
2023,21720,4,8,3859207,89.62944260828715,4.1617291428005805
2023,21720,4,9,381627,94.85,3.8299999999999996
2023,21720,4,10,352310,94.92,4
2023,21740,4,1,1090129719,12.91316114774227,1.8669676941171438
2023,21740,4,2,298906963,26.56403175566037,3.507034808821098
2023,21740,4,3,261427386,36.737303912261126,4.893031490702354
2023,21740,4,4,492649678,39.51070471796797,3.051401365535856
2023,21740,4,5,2049128797,42.39351377311692,2.825198010469422
2023,21740,4,6,594081932,46.17564084517554,3.3923391584984275
2023,21740,4,7,311113452,49.73428905491364,3.4027686140038713
2023,21740,4,8,328587336,52.12365957646037,3.2965851058849083
2023,21740,4,9,538832702,52.5256432807599,3.5414850848083828
2023,21740,4,10,390972795,53.452699178442835,3.312088843010164
2023,21740,4,11,82906336,54.97072963796156,4.000268733019391
2023,21740,4,12,33448498,56.133567305772594,3.355903190331596
2023,21740,4,13,17633874,58.87920758138569,2.7854258956369997
2023,21740,4,14,8823337,62.2468253938391,3.0834766596810255
2023,21740,4,15,7814581,60.20569164744725,1.1774332494602078
