year,species_code,sex,age,mean_length_bs,sd_length_bs,mean_length,sd_length
2013,21720,0,1,16.122260000000022,1.07478622211419,16.19,4.33
2013,21720,0,2,29.0047,0.5030549060261255,28.87,3.29
2013,21720,0,3,43.626419999999996,0.48396593853216424,43.6,3.91
2013,21720,0,4,51.71744000000001,0.5139054816677636,51.7,3.7
2013,21720,0,5,63.087500000000034,0.41005492324828907,63.09,4.33
2013,21720,0,6,70.50027999999995,1.1030992600646194,70.49,5.18
2013,21720,0,7,78.98328000000004,0.9884706318247194,79.32,4.73
2013,21720,0,8,84.67899999999999,2.7770222009572083,85.08,5.76
2013,21720,0,9,88.76142566191449,4.853497582122263,89.58,7.31
2013,21720,0,11,97,0,97,0
2013,21720,1,1,18.419199999999993,1.5274340147249168,18.95,3.81
2013,21720,1,2,28.987739999999953,0.5624558699233411,28.85,3.2
2013,21720,1,3,43.6642,0.6443414559250764,43.62,4
2013,21720,1,4,51.76522000000002,0.7126617185243643,51.69,3.72
2013,21720,1,5,62.546700000000044,0.5389216855595372,62.5,4.18
2013,21720,1,6,69.94256000000001,1.6184046198113913,69.76,4.83
2013,21720,1,7,77.18900000000009,1.6761909892565732,78.52,4.7
2013,21720,1,8,83.4007481296758,4.078338379647126,83.91,4.27
2013,21720,1,9,85.33995061728402,6.550092773700993,85.14,8.28
2013,21720,2,1,18.60168000000001,2.0821169995944033,19.08,4.84
2013,21720,2,2,29.087519999999984,0.5090297360118449,28.96,3.36
2013,21720,2,3,43.70320000000001,0.5806493497237979,43.64,3.73
2013,21720,2,4,51.69247999999996,0.6712097247427055,51.72,3.62
2013,21720,2,5,63.71671999999996,0.5313461197731626,63.75,4.41
2013,21720,2,6,70.92308,1.3203230739630654,70.98,5.18
2013,21720,2,7,79.99255999999997,1.1429381705601784,80.45,4.39
2013,21720,2,8,84.65585170340682,3.242704853222469,85.04,5.69
2013,21720,2,9,93.32873563218389,1.9672938702400578,93.71,2.41
2013,21720,2,11,97,0,97,0
2013,21720,3,1,13.497080000000006,0.34912411675190186,13.41,1.86
2013,21720,3,2,23,0,23,0
2013,21720,3,3,43.91330808080808,0.6482845257793177,43.96,0.81
2013,21720,3,4,53.5274107142857,6.864566785761748,53.56,7.8
2013,21720,3,5,65.56522388059703,2.0505796454712053,64.97,3.91
2013,21720,3,6,69.81589333333334,3.2108681900766878,70.46,5.25
2013,21720,3,7,78.66460317460317,3.3505353442245984,79.74,3.12
2013,21720,3,8,81,0,81,0
2013,21720,4,1,16.03459522480726,1.1387041145743715,16.241217852491154,3.045813398345087
2013,21720,4,2,29.035738188713744,0.5063667232721224,28.90451219085069,3.2796472313196134
2013,21720,4,3,43.68579197681401,0.46600069176026504,43.62978755848754,3.8687997797910914
2013,21720,4,4,51.71910911498424,0.5389875365171102,51.70565602402339,3.6693239357920047
2013,21720,4,5,63.11753057399,0.39940470404486006,63.11637541037423,4.2923929673014625
2013,21720,4,6,70.43345603526133,1.1220623669979204,70.46043578834885,5.031270082292676
2013,21720,4,7,78.8180008115278,1.0535526804180977,79.57419779672408,4.525997097804586
2013,21720,4,8,84.36146045636053,2.8191224562731314,84.84050646015926,5.438296499417436
2013,21720,4,9,89.37081429014971,4.713616360455216,89.9907694996292,4.957477600604038
2013,21720,4,11,97,0,97,0
2014,21720,0,1,18.173839999999995,0.3117531627248357,18.1,2.9
2014,21720,0,2,32.48776000000001,0.664756183850843,32.34,3.46
2014,21720,0,3,43.69976000000001,0.5116145436581773,43.68,3.74
2014,21720,0,4,52.19245999999999,0.52465366799698,52.19,4.35
2014,21720,0,5,61.59558,0.5341266199059774,61.56,3.84
2014,21720,0,6,70.69298000000005,0.8722160519519033,70.63,4.98
2014,21720,0,7,78.52032000000001,1.8338146170481353,78.96,5.62
2014,21720,0,8,84.10440000000007,2.508952595457416,84.77,5.46
2014,21720,0,9,91.72065022421525,3.4927687453999363,92.09,3.96
2014,21720,0,10,96,0,96,0
2014,21720,1,1,18.760800000000003,0.3585801436762467,18.64,2.7
2014,21720,1,2,32.857379999999985,0.6716075110492702,32.5,3.16
2014,21720,1,3,43.6616,0.6154000930688085,43.6,3.92
2014,21720,1,4,52.332800000000034,0.7656321212502648,52.32,4.35
2014,21720,1,5,60.77382000000006,0.8165541801118381,60.79,3.93
2014,21720,1,6,69.56263999999994,0.916897175948604,69.57,4.33
2014,21720,1,7,75.00968,2.907662514839093,75.33,5.27
2014,21720,1,8,82.16492985971949,3.6996197222752465,83.27,6.57
2014,21720,1,9,90.01015625000001,1.3543909618167793,90.37,1.49
2014,21720,2,1,18.69062,0.38111772070328626,18.65,2.64
2014,21720,2,2,32.4206,0.7133347973189955,32.19,3.62
2014,21720,2,3,43.70643999999997,0.5802550458517988,43.72,3.61
2014,21720,2,4,52.17277999999997,0.6957659463528009,52.12,4.35
2014,21720,2,5,62.31814,0.6445898949450966,62.21,3.63
2014,21720,2,6,71.80172,1.5180726368198991,71.66,5.33
2014,21720,2,7,80.60063999999998,1.1437508130027667,81.1,3.89
2014,21720,2,8,87.38997971602437,2.6156226620361025,86.87,3.39
2014,21720,2,9,92.36898630136983,4.575167781986615,93.28,4.95
2014,21720,2,10,96,0,96,0
2014,21720,3,1,15.37868000000002,0.5882352412071178,15.29,2.35
2014,21720,3,2,27.35773504273503,4.54230346509871,24.39,2.46
2014,21720,3,3,41.4701269035533,5.314029703406739,41.32,6.06
2014,21720,3,4,55.13051446945342,1.4495406588171833,55.14,3.58
2014,21720,3,5,58.600546623794166,1.9325977896002047,58.62,3.31
2014,21720,3,6,74.27858064516133,1.8588220297100806,74.46,3.57
2014,21720,3,7,79.82427777777777,3.011046520972189,81.26,2.16
2014,21720,3,8,78.47992366412214,3.357494371650751,80.65,2.76
2014,21720,4,1,18.193201627154796,0.3226701649126497,18.104895426962067,2.619855576873883
2014,21720,4,2,32.6051909444132,0.6105475391388606,32.31581991986373,3.3924627424801606
2014,21720,4,3,43.68717960401214,0.5000548233568775,43.65581116997482,3.7756131923672998
2014,21720,4,4,52.23385980651604,0.5308271247678815,52.21419966626374,4.349689437931608
2014,21720,4,5,61.552504978940696,0.5547802050194626,61.53133848875659,3.772911035510079
2014,21720,4,6,70.603602389818,0.8810599665745582,70.61476218809749,4.824767799136974
2014,21720,4,7,78.0596554405467,1.8576558697144208,78.59226007038912,4.48707208393827
2014,21720,4,8,83.75540954716746,2.785151967191108,84.97639834474863,5.0496158446206305
2014,21720,4,9,91.58221295667573,3.7057658444017463,92.29053306671362,3.7735204160925018
2014,21720,4,10,96,0,96,0
2014,21740,0,1,13.741099999999989,0.15246731638331626,13.77,1.84
2014,21740,0,2,25.50085999999999,0.468735411690161,25.2,2.22
2014,21740,0,3,31.339500000000008,1.3934928757584588,31.73,2.79
2014,21740,0,4,38.48344,0.8101043788359735,38.51,1.89
2014,21740,0,5,42.28259999999999,0.40345407468603106,42.2,2.36
2014,21740,0,6,45.587079999999965,0.19236705478728702,45.58,2.42
2014,21740,0,7,49.04300000000001,0.33733394192810406,49.03,3.01
2014,21740,0,8,53.574500000000015,0.7636403887214014,53.55,4.31
2014,21740,0,9,55.597120000000004,0.7996197152259041,55.54,3.63
2014,21740,0,10,57.56091999999998,1.5582025362217118,57.43,4.47
2014,21740,0,11,59.06545999999997,1.662517584218486,58.8,4.55
2014,21740,0,12,59.92124000000004,2.2586512509342147,59.47,5
2014,21740,0,13,62.97912000000002,2.964402771754603,62.15,5.58
2014,21740,0,14,63.94953999999999,2.006074839312294,63.74,5
2014,21740,0,15,64.46358,2.0352300376646433,64.21,4.99
2014,21740,0,16,67.90079999999996,2.6302637767095036,66.97,4.07
2014,21740,0,17,71.47948000000005,2.8991412123486286,70.73,3.96
2014,21740,0,18,70.45411646586342,3.1804253101449222,70.11,4.46
2014,21740,0,19,72.53069182389937,4.482537094781088,72.54,5.43
2014,21740,0,20,70.07152119700748,3.498459722531412,68.77,3.68
2014,21740,0,21,77.82814814814814,1.8986179155949174,77.38,1.9
2014,21740,0,22,70,0,70,0
2014,21740,1,1,16.38020000000001,0.4430378370411496,16.3,1.69
2014,21740,1,2,25.483760000000025,0.5724624782271376,25.33,2.24
2014,21740,1,3,32.98626016260166,2.1810581143951704,33.47,2.4
2014,21740,1,4,38.981579999999965,0.9059386033866823,38.78,2
2014,21740,1,5,42.25559999999999,0.4561271137388956,42.1,2.16
2014,21740,1,6,45.23029999999998,0.22442201425208255,45.22,2.23
2014,21740,1,7,48.26492000000002,0.46085634501597456,48.24,2.81
2014,21740,1,8,52.89651999999998,1.0454015584630023,52.82,3.96
2014,21740,1,9,54.22026,0.9375293354929325,54.17,3.17
2014,21740,1,10,56.25270000000001,2.318737068575558,55.68,4.53
2014,21740,1,11,57.23844,1.8543555309784963,56.88,3.51
2014,21740,1,12,59.50682000000005,2.5640964234086585,59.15,4.43
2014,21740,1,13,61.32264000000002,3.4870837869305853,60.28,5.44
2014,21740,1,14,61.62939999999997,2.6116930756585632,60.91,3.87
2014,21740,1,15,62.96961923847693,3.275830017648769,61.77,4.14
2014,21740,1,16,67.19367886178858,3.983557867232372,65.23,4.5
2014,21740,1,17,69.94627684964196,5.1115034426968755,68.88,5.09
2014,21740,1,18,69.31816810344826,3.6539886614475,67.02,3.99
2014,21740,1,19,70,0,70,0
2014,21740,1,21,76,0,76,0
2014,21740,1,22,70,0,70,0
2014,21740,2,1,16.48492000000001,0.3243093379682225,16.43,1.75
2014,21740,2,2,25.878659999999982,0.8906620921116207,25.59,1.92
2014,21740,2,3,30.064719999999998,1.5083334715249959,30.75,2.93
2014,21740,2,4,37.208707070707035,0.9196119720843764,37.56,1.14
2014,21740,2,5,42.42825999999997,0.5745082173333704,42.18,2.57
2014,21740,2,6,46.018959999999986,0.280909128147437,45.97,2.53
2014,21740,2,7,49.795240000000014,0.4534156082752945,49.79,2.99
2014,21740,2,8,54.084079999999965,1.183602290621613,54.01,4.48
2014,21740,2,9,57.382780000000025,0.9356543002301001,57.36,3.16
2014,21740,2,10,59.01099999999995,1.4416239312380452,58.91,3.66
2014,21740,2,11,62.54493999999998,1.7331427419366983,62.19,3.59
2014,21740,2,12,62.608597194388814,2.984921415968967,62,4.78
2014,21740,2,13,66.14138,2.157317485458766,65.49,3.48
2014,21740,2,14,65.98165999999998,2.4812855135997554,65.49,4.81
2014,21740,2,15,66.22001999999988,2.1066808034477438,66.31,4.25
2014,21740,2,16,69.36358606557376,2.4368545317693076,69.56,2.91
2014,21740,2,17,72.75999999999999,1.7072962161294263,72.32,1.87
2014,21740,2,18,71.274753747323345,4.304025874316177,70.47,5.1
2014,21740,2,19,73.57654101995567,5.143408468665098,72.75,5.79
2014,21740,2,20,70.18847715736038,3.679466815525135,69.26,3.9
2014,21740,2,21,80,0,80,0
2014,21740,3,1,13.583740000000004,0.15845513073710746,13.61,1.71
2014,21740,3,2,22.790748440748455,2.1168556332453976,21.74,2.73
2014,21740,4,1,13.716196459266081,0.15079297423192287,13.757497498320829,1.710513372521841
2014,21740,4,2,25.57627568227558,0.4772990737971171,25.405743726473037,2.118436647768922
2014,21740,4,3,31.181610647278987,1.5500800091521878,31.911200426521642,2.7037366815968853
2014,21740,4,4,38.66134180403832,0.7256390209508552,38.464327295557084,1.7774766181795825
2014,21740,4,5,42.33251272697024,0.36173905306615506,42.13788841651217,2.3541781346248722
2014,21740,4,6,45.624367238803124,0.18745479201051757,45.598402663783,2.381361065513201
2014,21740,4,7,49.04463412112811,0.344696719771555,49.04405725098479,2.9033743904369436
2014,21740,4,8,53.47772575244938,0.787459580227496,53.46474580645087,4.24173766332307
2014,21740,4,9,55.50472941846363,0.7146273579784791,55.52470535693077,3.165753274743164
2014,21740,4,10,57.554440059915265,1.4113179023220768,57.429592769692725,4.058747458318058
2014,21740,4,11,58.851181461044376,1.528709831347138,58.52731624409276,3.5348183238281394
2014,21740,4,12,60.217356320481464,2.1056188590268,60.06606292825588,4.5424989561016
2014,21740,4,13,62.71480218874207,2.784799645547794,62.20638015281051,4.715296526006027
2014,21740,4,14,63.42919962417368,2.1151256026393797,63.13678926915626,4.327026618560458
2014,21740,4,15,64.02610889829985,2.1824957101585816,63.82274181224118,4.189736035098354
2014,21740,4,16,67.50189865937709,2.612084808359131,67.58671566867314,3.6346009438359617
2014,21740,4,17,70.83327675308884,2.7060560272539083,70.48162553077117,3.5908040089874502
2014,21740,4,18,69.72722778437165,3.461938535372688,69.13284946506226,4.669786349628729
2014,21740,4,19,72.19353200478112,4.183531762338177,72.12996455357644,4.484543550984578
2014,21740,4,20,70.18847715736038,3.679466815525135,69.26,3.9
2014,21740,4,21,77.8656124647398,1.7433579415238196,77.40213298396256,0
2014,21740,4,22,70,0,70,0
2015,21720,0,1,21.222940000000023,1.4133586670918628,20.46,5.61
2015,21720,0,2,34.65108000000001,0.1720314600487161,34.63,3.03
2015,21720,0,3,45.18488000000001,0.33012505312593715,45.16,3.39
2015,21720,0,4,55.18686000000002,0.2820365750382716,55.2,3.89
2015,21720,0,5,63.976559999999964,0.5449077125811866,63.93,4.4
2015,21720,0,6,73.13784,0.6569509140010491,73.13,4.17
2015,21720,0,7,79.99232000000008,1.169239779053828,80.57,5.02
2015,21720,0,8,87.85869739478957,3.1514884777059997,88.96,6.46
2015,21720,0,9,93.7356858407079,5.7843601902177575,89.19,5.2
2015,21720,0,10,92,0,92,0
2015,21720,1,1,22.685059999999975,1.2301006835960897,22.47,4.21
2015,21720,1,2,34.69038000000004,0.2082902428115657,34.66,3.02
2015,21720,1,3,45.322260000000014,0.44753734117220545,45.3,3.44
2015,21720,1,4,55.104360000000064,0.390772564023611,55.11,3.86
2015,21720,1,5,63.35763999999999,0.7577709839577237,63.32,4.44
2015,21720,1,6,71.91088,0.8238114810517182,71.92,3.76
2015,21720,1,7,78.34937999999994,1.4464060275015398,79.12,4.08
2015,21720,1,8,86.12442013129098,2.5584723680724664,85.9,2.94
2015,21720,1,9,86,0,86,0
2015,21720,2,1,22.603339999999985,1.3989236645501701,21.86,5.14
2015,21720,2,2,34.74491999999999,0.24672401398760577,34.69,2.96
2015,21720,2,3,45.02603999999998,0.5149055971223228,44.99,3.36
2015,21720,2,4,55.27890000000002,0.37951687197307116,55.28,3.88
2015,21720,2,5,64.63181999999998,0.689485655062579,64.6,4.23
2015,21720,2,6,74.15846000000005,0.8393364043094984,74.24,4.04
2015,21720,2,7,81.74790000000004,1.9992682504041694,82.58,5.01
2015,21720,2,8,90.62215725806452,4.869512283821723,91.8,7.47
2015,21720,2,9,97.589687500000025,3.954629756100171,95.79,4.12
2015,21720,2,10,92,0,92,0
2015,21720,3,1,15.922344689378757,3.16551668721157,14.48,4.56
2015,21720,3,2,33.97003164556961,0.2788041338056608,33.96,3.1
2015,21720,3,3,45.935971896955536,2.9790241933808246,45.11,3.06
2015,21720,3,4,55.358168103448286,2.6643695508374314,53.73,4.05
2015,21720,3,5,62.21370932754877,2.5742067402236377,62.12,4.72
2015,21720,3,6,71.02992443324936,2.2861736910808848,70.49,3.08
2015,21720,3,7,74.58172839506173,0.41206632135938165,74.59,0.49
2015,21720,4,1,21.839495041745643,1.2421719531787234,21.137855284928424,4.68539699505244
2015,21720,4,2,34.68852865948977,0.17534121045567125,34.64533687512038,2.995404419870169
2015,21720,4,3,45.163875312132454,0.3554739206806052,45.1445718997307,3.3880387551290116
2015,21720,4,4,55.16815704672185,0.29039019699425617,55.17336351673698,3.872546812550582
2015,21720,4,5,63.97241856187783,0.5436264920804322,63.95281724562495,4.336739110247629
2015,21720,4,6,73.06877340374552,0.6373690565682111,73.15499299559782,3.906522862502242
2015,21720,4,7,80.06522598316761,1.3216135218562217,80.90563384092613,4.557850970478031
2015,21720,4,8,88.41809260136372,3.3989739151156373,88.81303457577243,5.1766180725846
2015,21720,4,9,94.4801269903511,5.11094671187687,92.42466196051423,2.703739252024376
2015,21720,4,10,92,0,92,0
2015,21740,0,1,14.83414,0.23520821884539844,14.86,2.58
2015,21740,0,2,24.923219999999986,0.46972962802754287,25.13,2.74
2015,21740,0,3,34.72207999999998,0.508092895424411,34.64,2.6
2015,21740,0,4,38.476900000000015,0.3648583742584689,38.45,2.26
2015,21740,0,5,43.15545999999998,0.3368205524743677,43.12,2.27
2015,21740,0,6,46.61081999999997,0.23538040587725634,46.61,2.33
2015,21740,0,7,49.31235999999997,0.20845271759068504,49.31,2.77
2015,21740,0,8,52.39302000000002,0.36963758397513347,52.39,3.31
2015,21740,0,9,55.92877999999997,0.9584311619435006,55.86,3.99
2015,21740,0,10,56.84814000000001,1.367718409503722,56.74,4.36
2015,21740,0,11,59.44574,2.371582944728574,59.41,6.12
2015,21740,0,12,61.988459999999925,1.886583319560333,62.32,4.56
2015,21740,0,13,59.26302000000004,2.2460079659623498,59.44,4.65
2015,21740,0,14,64.89234468937872,2.644972937629044,64.91,4.08
2015,21740,0,15,65.98229437229438,3.481220074341556,65.42,4.14
2015,21740,0,16,64.9678099173554,3.122069003456603,64.8,3.66
2015,21740,0,17,68,0,68,0
2015,21740,0,18,65.9412962962963,3.5456557759943927,64.99,3.29
2015,21740,0,19,70,0,70,0
2015,21740,0,20,73.06186915887848,4.134554141628046,73.29,4.7
2015,21740,0,21,72,0,72,0
2015,21740,1,1,16.84856000000001,0.32226640792262334,16.71,1.86
2015,21740,1,2,24.614379999999986,0.651106823640778,24.85,2.87
2015,21740,1,3,34.79537999999999,0.4872758264701054,34.68,1.84
2015,21740,1,4,38.46936000000003,0.3922219607990686,38.46,1.89
2015,21740,1,5,42.96225999999997,0.39154067553857347,42.95,2.16
2015,21740,1,6,46.13090000000001,0.27449532850440556,46.14,2.01
2015,21740,1,7,48.77248000000002,0.25999123154630027,48.77,2.49
2015,21740,1,8,51.91774000000003,0.5198133359278281,51.89,3.03
2015,21740,1,9,55.20386000000003,1.0720770489090767,55.16,3.34
2015,21740,1,10,55.93611999999997,1.7588650198113076,55.63,3.66
2015,21740,1,11,57.559819277108375,3.9180980489771144,56.46,5.31
2015,21740,1,12,64.5561224489796,0.46551818093792746,64.75,0.43
2015,21740,1,13,58.29855130784705,2.2817022671175695,57.81,2.74
2015,21740,1,14,62.92107221006563,3.8354921956552284,61.96,4.47
2015,21740,1,15,68.04328804347826,0.9124947410805739,68.43,0.9
2015,21740,1,16,65.97139908256878,4.396052054997988,65.07,4.44
2015,21740,1,17,68,0,68,0
2015,21740,1,18,63.484022346368725,0.46894663478689397,63.34,0.47
2015,21740,1,19,70,0,70,0
2015,21740,1,20,74.02655072463769,4.765879270300131,70.8,2.71
2015,21740,2,1,17.249719999999996,0.4297917676352749,17.3,2.18
2015,21740,2,2,24.50284,0.49694410277471357,24.65,2.35
2015,21740,2,3,35.22404000000001,0.6791619839190071,35.2,2.33
2015,21740,2,4,38.37808000000002,0.5908828977027472,38.35,2.49
2015,21740,2,5,43.52646,0.550505022647314,43.48,2.39
2015,21740,2,6,47.01134,0.4188695594282678,46.95,2.55
2015,21740,2,7,49.81571999999998,0.2958620460630278,49.82,2.87
2015,21740,2,8,52.73789999999996,0.5280703614228188,52.74,3.31
2015,21740,2,9,56.45618000000001,1.4252419573089152,56.33,4.4
2015,21740,2,10,57.97386000000002,1.6326336655145708,58.27,4.79
2015,21740,2,11,60.839179999999956,2.6600227385379767,61.55,5.75
2015,21740,2,12,61.76324000000002,2.42523868263218,62.1,4.16
2015,21740,2,13,62.900589622641505,6.244611625715004,61.98,6.71
2015,21740,2,14,66.15128630705397,2.345769848005578,66.65,2.47
2015,21740,2,15,64.47235294117647,4.769495825281472,61.54,3.61
2015,21740,2,16,63.972864864864874,1.879359115841369,64.66,1.89
2015,21740,2,18,72,0,72,0
2015,21740,2,20,70,0,70,0
2015,21740,2,21,72,0,72,0
2015,21740,3,1,13.41335999999999,0.19552075883207015,13.44,1.76
2015,21740,3,2,20.40463157894737,0.5819580119670571,20.51,0.73
2015,21740,3,3,14,0,14,0
2015,21740,3,4,47.27696202531644,2.1816092082227376,47.16,2.41
2015,21740,3,5,46.9922077922078,2.0314638250883688,46.22,2.88
2015,21740,3,6,49.35845659163988,0.6098541844862937,49.22,2.33
2015,21740,3,7,51.32903536977491,0.3993741499498553,51.32,2.55
2015,21740,3,8,53.26247588424435,0.6060027508963749,53.31,2.73
2015,21740,3,9,55.44491961414789,0.966059126271655,55.56,2.74
2015,21740,3,10,56.17574193548387,1.1227799805142107,56.25,2.44
2015,21740,3,11,55.9102,2.2843001958182696,56.21,2.98
2015,21740,3,12,57.922663316582906,0.7251161120612083,57.88,0.82
2015,21740,3,13,56.58119230769231,0.8127918671133584,56.85,0.97
2015,21740,3,14,57,0,57,0
2015,21740,4,1,14.832325871412886,0.2257415610872672,14.881530247706152,1.863168749712244
2015,21740,4,2,24.56646544979977,0.4619011682470737,24.764518644932373,2.6563920436652717
2015,21740,4,3,34.90985151545291,0.4905064847018429,34.82283773622147,2.0547419558272964
2015,21740,4,4,38.428797166386076,0.3639725926043856,38.408528155873306,2.170810397451869
2015,21740,4,5,43.20483512778329,0.33533203506250603,43.18201152153987,2.26067383924378
2015,21740,4,6,46.5801924862777,0.2508192477999022,46.5624947719366,2.2915655389085203
2015,21740,4,7,49.30622648267586,0.2026371251256738,49.310932869373985,2.685636524062727
2015,21740,4,8,52.34980162695019,0.35891484834134235,52.35429150747297,3.1827417374492235
2015,21740,4,9,55.724395535594496,0.895501790893518,55.73465343478544,3.86033597873416
2015,21740,4,10,56.769808097636094,1.3400760910179237,56.845268058909866,4.179709372926142
2015,21740,4,11,58.881236138922965,2.2636934486687337,59.32552600229427,5.557208139798069
2015,21740,4,12,62.10889648474625,1.9003100703035443,62.63138901894733,3.410406234219831
2015,21740,4,13,58.64369860789767,2.0188849804180142,58.735534653839004,3.620956251561133
2015,21740,4,14,64.08366028330853,2.7833224615477725,64.33602010225795,3.4560275676562418
2015,21740,4,15,65.6375387321456,3.573280208517036,64.34611695686371,2.50628781522487
2015,21740,4,16,64.75959305479043,2.90337489637658,64.86149910906695,3.1432261661481102
2015,21740,4,17,68,0,68,0
2015,21740,4,18,65.69971765153994,3.2104335533910557,64.59227571776583,0.40203584441686613
2015,21740,4,19,70,0,70,0
2015,21740,4,20,72.08151177488604,3.7508249582602433,70.5718731315028,1.93722023296573
2015,21740,4,21,72,0,72,0
2016,21720,0,1,21.29012000000001,0.9086098884884083,20.99,3.64
2016,21720,0,2,33.758,0.7552538757488554,33.71,4.28
2016,21720,0,3,44.856819999999985,0.20278246733412697,44.86,3.33
2016,21720,0,4,53.21791999999999,0.3644273427946272,53.2,3.62
2016,21720,0,5,63.90821999999998,0.3952465956117593,63.9,4.27
2016,21720,0,6,73.24043999999999,0.7580066983275405,73.31,4.58
2016,21720,0,7,77.57840000000002,1.9642317206747808,77.97,6.73
2016,21720,0,8,84.05111999999993,3.1705058524343777,84.31,6.25
2016,21720,0,9,88.4199799196787,4.350837635256987,87.58,5.55
2016,21720,0,10,96.23150115473449,5.3763537753057165,96.29,5.99
2016,21720,1,1,22.349879999999978,0.315531783204838,22.23,2.34
2016,21720,1,2,34.643560000000015,0.8802769458544314,34.4,3.85
2016,21720,1,3,44.90672000000001,0.3035343601894706,44.87,3.33
2016,21720,1,4,52.87848000000004,0.4992929766711187,52.86,3.52
2016,21720,1,5,63.278559999999985,0.529794385192182,63.24,4.14
2016,21720,1,6,71.74576000000002,0.9701624878884009,72.05,3.8
2016,21720,1,7,76.98593999999999,2.453467244419391,76.87,4.83
2016,21720,1,8,80.83008080808088,5.307951181241656,79.57,6.21
2016,21720,1,9,86.1124122807017,3.8820566505967244,86.19,4.13
2016,21720,1,10,94,0,94,0
2016,21720,2,1,22.08642,0.39242652912554604,21.97,2.39
2016,21720,2,2,33.46965999999999,1.1105251986486697,33.14,4.51
2016,21720,2,3,44.88702,0.29162202662492015,44.88,3.3
2016,21720,2,4,53.49728000000006,0.4694325675439891,53.49,3.69
2016,21720,2,5,64.53764000000002,0.5577014364194955,64.55,4.25
2016,21720,2,6,74.42110000000002,1.088374986032131,74.68,4.93
2016,21720,2,7,77.87751999999988,3.2138455245564344,78.48,7.98
2016,21720,2,8,86.49875999999993,2.4608913903849037,86.89,4.59
2016,21720,2,9,94.99867298578198,4.706720029569497,93.07,4.22
2016,21720,2,10,96.44754901960786,5.7455593255307305,97.91,5.5
2016,21720,3,1,15.500973084886121,2.5835275518769425,13.82,2.12
2016,21720,3,2,35.18200980392157,3.671644033200598,35.16,3.9
2016,21720,3,3,43.29402777777778,2.105704874883533,42.49,3.96
2016,21720,3,4,53.20388888888892,1.3733356234822733,53.34,2.99
2016,21720,3,5,63.724270152505426,3.506456935607331,63.18,4.53
2016,21720,3,6,73.76367500000003,2.3246394593387567,74.34,3.24
2016,21720,3,7,74.43980769230768,2.836459325863233,75.29,2.84
2016,21720,4,1,21.345873622826282,0.9628062623668522,21.042917180623867,2.332064194117165
2016,21720,4,2,34.09932509384989,0.7786932230325065,33.79157011531342,4.171101453592405
2016,21720,4,3,44.892324299142096,0.22413968620661284,44.869376589348875,3.3169488680024166
2016,21720,4,4,53.17408326964876,0.3539284820561804,53.170216398377356,3.6027474757677775
2016,21720,4,5,63.91001834189999,0.3925538049921652,63.9037494677318,4.196228556374182
2016,21720,4,6,73.24233178705211,0.765827708596252,73.53581454381941,4.43536137777734
2016,21720,4,7,77.21925564260845,2.0929966422814337,77.81400872994143,6.678768649479225
2016,21720,4,8,83.77841149381608,3.337988586157985,84.16599906507979,5.192852665924963
2016,21720,4,9,88.86232739122467,4.041892491414501,88.12386325464684,4.155297629784624
2016,21720,4,10,96.16379139023574,5.322643150756589,97.43831811440917,4.836508856585792
2016,21740,0,1,15.287819999999995,0.41580335792887707,15.45,2.59
2016,21740,0,2,23.902019999999997,0.7409305471847566,24.14,3.06
2016,21740,0,3,31.805320000000027,0.5309605784535643,31.64,2.38
2016,21740,0,4,40.156679999999966,0.1975789778924114,40.12,2.06
2016,21740,0,5,43.71913999999998,0.2535429518975312,43.7,2.26
2016,21740,0,6,46.74846000000007,0.40768940346714794,46.71,2.43
2016,21740,0,7,48.32199999999996,0.39610832307238203,48.32,2.68
2016,21740,0,8,50.40527999999993,0.2624222789799106,50.44,2.95
2016,21740,0,9,52.46403999999997,0.63856339137913265,52.54,3.4
2016,21740,0,10,57.375240000000034,1.6308560713474693,57.81,4.22
2016,21740,0,11,62.52983436852999,2.954260299028847,62.1,3.16
2016,21740,0,12,58.8829519450801,2.5549358113226655,59.25,2.96
2016,21740,0,14,62,0,62,0
2016,21740,0,15,66,0,66,0
2016,21740,0,16,69,0,69,0
2016,21740,1,1,16.11601999999999,0.5615105946425157,16.41,2.33
2016,21740,1,2,24.403519999999997,1.008879817705333,24.7,3.05
2016,21740,1,3,31.883999999999993,0.7269859814566366,31.96,2.22
2016,21740,1,4,40.115040000000015,0.27657836064876506,39.96,2.1
2016,21740,1,5,43.416599999999995,0.3373919184171821,43.38,2.26
2016,21740,1,6,45.99202,0.596034086999839,46,2.24
2016,21740,1,7,47.797559999999976,0.4768769964461265,47.8,2.5
2016,21740,1,8,49.717239999999904,0.3276936811984552,49.78,2.69
2016,21740,1,9,51.481899999999996,0.8883576693524938,51.64,3.28
2016,21740,1,10,55.881144164759725,2.59854097555646,56.17,3.07
2016,21740,1,11,61.44764397905759,0.46507437268571084,61.2,0.4
2016,21740,1,12,58.96812339331622,3.235716722209213,58.83,3.43
2016,21740,1,14,62,0,62,0
2016,21740,1,16,69,0,69,0
2016,21740,2,1,16.405340000000013,0.5780033391947148,16.72,2.35
2016,21740,2,2,23.318160000000002,0.5952542899799035,23.24,1.97
2016,21740,2,3,31.969800000000003,0.8747167649231808,31.87,2.6
2016,21740,2,4,40.36716,0.28270156481614833,40.28,2
2016,21740,2,5,44.053539999999984,0.298073420364607,44.02,2.22
2016,21740,2,6,47.52875999999998,0.5769344582691144,47.49,2.33
2016,21740,2,7,49.08502000000001,0.5652021820669364,49.06,2.74
2016,21740,2,8,51.052139999999966,0.3667235918039241,51.13,3.05
2016,21740,2,9,53.09670000000001,0.7426209542987101,53.29,3.31
2016,21740,2,10,57.26536,1.9639197621247482,57.82,4.23
2016,21740,2,11,63.86578947368421,4.3116517654377775,61.75,3.7
2016,21740,2,12,58,0,58,0
2016,21740,2,15,66,0,66,0
2016,21740,3,1,13.595520000000006,0.16417990035128757,13.59,1.49
2016,21740,3,2,22.365400000000008,1.4895585955642157,21.96,2.87
2016,21740,3,3,29.487933333333316,0.5731862611557681,29.46,1.07
2016,21740,3,4,40.12092378752885,1.8586682748011512,40.93,1.99
2016,21740,3,5,44.90026066350713,2.2534571336134372,43.67,2
2016,21740,3,6,46.96255172413795,1.3120280741086772,46.24,2.24
2016,21740,3,7,48.12103448275863,0.7686807695892427,47.87,2.25
2016,21740,3,8,49.22183908045977,0.3730900014211622,49.28,1.39
2016,21740,3,9,49.72108695652174,0.672196376222886,49.94,1.29
2016,21740,4,1,15.08947055632512,0.3280710907972195,15.341474813507316,1.9917025135592457
2016,21740,4,2,23.85096941600191,0.6174984047868172,23.98340534661454,2.525984182052294
2016,21740,4,3,31.950741563608393,0.550008376110902,31.91774903147176,2.381659197566148
2016,21740,4,4,40.240168902936475,0.19840180378076344,40.11218542086507,2.0525419654997665
2016,21740,4,5,43.73790029353184,0.25137600826234613,43.70467423656302,2.239541166141205
2016,21740,4,6,46.76692621781315,0.41772014168208155,46.766651980425735,2.2862981842009886
2016,21740,4,7,48.382045993915185,0.3652627816514867,48.38186291129546,2.6106811864947193
2016,21740,4,8,50.336208804209235,0.26055337275346085,50.41177836866898,2.8579035496143605
2016,21740,4,9,52.31647536573892,0.6091192052589683,52.52148466124932,3.2953927748045255
2016,21740,4,10,56.81041793190922,1.6418063670194993,57.45636921804191,3.974356541168861
2016,21740,4,11,62.26409963866204,2.7629546082516483,61.580247383676976,2.681484302061891
2016,21740,4,12,58.56104866978284,2.371889942876208,58.544893258362684,2.2517878026313154
2016,21740,4,14,62,0,62,0
2016,21740,4,15,66,0,66,0
2016,21740,4,16,69,0,69,0
2017,21720,0,1,22.204720000000002,0.5874592226500092,21.81,3.96
2017,21720,0,2,35.19419999999999,0.6330695966704267,34.68,4.25
2017,21720,0,3,46.32583999999999,0.33864857909083346,46.31,2.97
2017,21720,0,4,55.85006000000001,0.23669779909452546,55.84,3.62
2017,21720,0,5,65.78054000000002,0.4228881378737271,65.76,4.24
2017,21720,0,6,75.77262,0.5966628434027003,75.94,4.37
2017,21720,0,7,83.16568000000007,1.6819693753333083,84.12,4.14
2017,21720,0,8,87.03218884120177,5.226757576984357,87.45,5.62
2017,21720,0,9,88,0,88,0
2017,21720,1,1,23.199940000000005,0.5924181926899782,22.62,3.19
2017,21720,1,2,35.857980000000005,0.754512224549071,35.05,4.32
2017,21720,1,3,46.43268000000002,0.5292335911371989,46.39,2.9
2017,21720,1,4,55.50228000000001,0.34065009404540947,55.48,3.7
2017,21720,1,5,65.20672000000009,0.6708980921870328,65.22,4.47
2017,21720,1,6,74.40680000000006,0.992839776420791,74.48,3.87
2017,21720,1,7,81.41961693548386,2.4590582196671575,81.62,3.41
2017,21720,1,8,82.94173366834174,3.6931981538974794,83.72,3.21
2017,21720,1,9,88,0,88,0
2017,21720,2,1,22.895200000000017,0.7132092925572269,22.44,3.45
2017,21720,2,2,35.56606000000003,0.9714352522420612,34.55,4.06
2017,21720,2,3,46.17537999999998,0.5128513318469148,46.13,3.1
2017,21720,2,4,56.22700000000003,0.30596900834583923,56.23,3.55
2017,21720,2,5,66.3598,0.5958600997860439,66.34,3.94
2017,21720,2,6,76.25051999999998,0.8329100839922833,76.47,4.48
2017,21720,2,7,83.97690000000001,2.7244177164648553,84.45,4.65
2017,21720,2,8,95.13881944444444,1.7396126752725816,94.23,0.93
2017,21720,3,1,14.26124,0.4134168469943593,13.99,1.22
2017,21720,3,2,41,0,41,0
2017,21720,3,3,41,0,41,0
2017,21720,3,4,64,0,64,0
2017,21720,3,5,67.76318611987384,1.1150941976712776,67.76,2.99
2017,21720,3,6,74.24504731861198,1.1605745580167992,74.33,2.26
2017,21720,4,1,22.555467681826535,0.60675474889442,22.06054493047065,3.2221121496966183
2017,21720,4,2,35.707103395488026,0.6442650840850852,34.80667496800039,4.191714886924766
2017,21720,4,3,46.304653832481314,0.3605683272457358,46.253788552382595,3.003726449162936
2017,21720,4,4,55.86486205225872,0.23148187625797667,55.855178839828596,3.6249086514661224
2017,21720,4,5,65.74758164977625,0.4724910099969489,65.75449422360835,4.216615138611639
2017,21720,4,6,75.50140161435878,0.6606614652924636,75.68560741349994,4.23606985876289
2017,21720,4,7,82.59557157153695,1.903788454656113,83.0949941964945,4.056287209771437
2017,21720,4,8,86.24622685468283,5.331999802631852,86.32468019994852,2.6449504418760585
2017,21720,4,9,88,0,88,0
2017,21740,0,1,15.001859999999988,0.2860265070329163,15.02,2.25
2017,21740,0,2,23.416940000000046,0.5440249651674552,23.42,2.17
2017,21740,0,3,31.248059999999995,0.8907707794731068,31.07,2.98
2017,21740,0,4,39.51709999999998,0.2330631391998902,39.49,2.25
2017,21740,0,5,44.379180000000034,0.19342894590579882,44.37,2.26
2017,21740,0,6,47.31615999999991,0.3344023089160972,47.28,2.33
2017,21740,0,7,48.63713999999995,0.46219050241328197,48.65,2.82
2017,21740,0,8,50.883939999999974,0.3981030626571392,50.92,3.38
2017,21740,0,9,51.7463,0.42485611144346475,51.82,3.32
2017,21740,0,10,53.847340000000024,1.3956702028165753,54.18,4.71
2017,21740,0,11,57.793220000000034,1.5776054987922803,57.76,2.32
2017,21740,0,12,61.19366132723113,3.8107114670409885,61.53,4.31
2017,21740,0,13,61.63477958236659,2.0972769466233983,61.32,2.2
2017,21740,0,15,65,0,65,0
2017,21740,0,17,63,0,63,0
2017,21740,0,18,71,0,71,0
2017,21740,0,19,66,0,66,0
2017,21740,1,1,16.55225999999999,0.41458419229995974,16.22,1.83
2017,21740,1,2,23.473679999999952,0.7346743158029967,23.35,1.95
2017,21740,1,3,31.636520000000026,1.665771977842204,31.12,3.34
2017,21740,1,4,39.32910000000003,0.24487981183529398,39.29,2.04
2017,21740,1,5,44.00418000000005,0.22840285314910874,43.99,2.1
2017,21740,1,6,47.074140000000035,0.49816684032721725,47,2.34
2017,21740,1,7,47.304099999999934,0.6392162269291503,47.34,2.55
2017,21740,1,8,50.02463999999999,0.49142636288693387,50.07,2.97
2017,21740,1,9,50.54859999999997,0.5355315378725256,50.62,2.84
2017,21740,1,10,51.52206000000001,1.926301230145098,51.47,4.25
2017,21740,1,11,57.31884848484846,1.7888856389449295,57.39,2
2017,21740,1,12,68,0,68,0
2017,21740,1,13,60,0,60,0
2017,21740,1,15,65,0,65,0
2017,21740,1,18,71,0,71,0
2017,21740,2,1,16.525959999999998,0.322910856495233,16.37,1.63
2017,21740,2,2,23.50772000000002,0.8914966821410706,23.64,2.37
2017,21740,2,3,31.493320000000015,1.167601457659186,31.62,2.99
2017,21740,2,4,40.115199999999994,0.3793969479162641,39.88,2.38
2017,21740,2,5,44.90263999999998,0.3005909850287612,44.89,2.37
2017,21740,2,6,47.70499999999996,0.5180673581448171,47.67,2.29
2017,21740,2,7,49.67908,0.5417317603762961,49.7,2.59
2017,21740,2,8,51.70790000000001,0.5347726185090388,51.78,3.49
2017,21740,2,9,52.77874,0.5798208316312783,52.96,3.31
2017,21740,2,10,55.44328,1.3551025967414387,55.65,3.78
2017,21740,2,11,58.96635869565218,0.9315936956453396,58.95,1
2017,21740,2,12,58.50473684210528,0.47542308247097337,58.64,0.48
2017,21740,2,13,62.78107734806629,2.3132512883572716,63.08,2.43
2017,21740,2,17,63,0,63,0
2017,21740,2,19,66,0,66,0
2017,21740,3,1,13.591639999999996,0.24999581238977753,13.55,1.94
2017,21740,3,2,22.238539999999993,1.1326840754727945,22.72,2.28
2017,21740,3,3,30.613600823045246,2.5072555327107366,29.92,3.37
2017,21740,3,4,39.04453416149067,1.309728655013771,38.82,1.95
2017,21740,3,5,43.64302658486707,1.3138798138625172,43.41,2.2
2017,21740,3,6,46.77079059829057,0.9733304571188048,46.63,2.09
2017,21740,3,7,47.56863636363638,0.6846752019197434,47.45,2.42
2017,21740,3,8,48.978225108225175,0.4911577022493269,48.9,2.36
2017,21740,3,9,50.05767895878525,1.0273645224193162,50.01,2.94
2017,21740,3,10,51.44165532879817,2.7756481190762936,51.18,4.39
2017,21740,3,11,58,0,58,0
2017,21740,3,12,58,0,58,0
2017,21740,4,1,14.953484596474809,0.331028773355735,15.001889252675982,1.8388820850490224
2017,21740,4,2,23.411159034394437,0.5561852968651362,23.453200933768162,2.190284447626155
2017,21740,4,3,31.598356859760912,1.024383474433317,31.320187142601988,3.17980960352776
2017,21740,4,4,39.63502752133475,0.21347767440456006,39.520543374697745,2.1758347770809743
2017,21740,4,5,44.3723671791712,0.18779124639528394,44.36230719378875,2.2134101904258547
2017,21740,4,6,47.35469589578379,0.3678512512035077,47.30592695199188,2.316117941181591
2017,21740,4,7,48.65816434610308,0.45316613875190015,48.68974312618018,2.572482247869389
2017,21740,4,8,50.857177864271186,0.3889214110193356,50.91939355885746,3.2277442684619686
2017,21740,4,9,51.6736334291246,0.42311871085617153,51.82042058904221,3.0814438697300854
2017,21740,4,10,53.52480033411207,1.2547498391584975,53.79426633463494,3.9888260283373023
2017,21740,4,11,57.64423584104233,1.3539399314771083,57.71488826592854,1.7901458473359264
2017,21740,4,12,60.07683024598389,3.1488935524244157,59.336073379559515,0.44352275676746733
2017,21740,4,13,61.78628850962224,1.992623142860715,62.31051605730229,1.822907149105384
2017,21740,4,15,65,0,65,0
2017,21740,4,17,63,0,63,0
2017,21740,4,18,71,0,71,0
2017,21740,4,19,66,0,66,0
2018,21720,0,1,23.12542,0.4719999910838626,22.75,2.66
2018,21720,0,2,34.38294000000004,0.5233056985245013,34.01,3.29
2018,21720,0,3,43.197240000000015,0.3363734183212256,43.19,3.69
2018,21720,0,4,54.32306000000004,0.41636950359873154,54.3,3.91
2018,21720,0,5,64.07050000000004,0.34095990572885426,64.08,4.39
2018,21720,0,6,73.93302000000003,0.6940193118425602,74.01,4.76
2018,21720,0,7,81.83474000000011,0.9324998898064163,82.17,5.12
2018,21720,0,8,87.23867203219314,4.0455945084121385,87.06,5.66
2018,21720,0,9,94,0,94,0
2018,21720,0,10,99,0,99,0
2018,21720,1,1,23.550079999999987,0.5582326046387506,23.42,2.3
2018,21720,1,2,34.80769999999999,0.6650698804575227,34.25,3.17
2018,21720,1,3,43.29860000000002,0.44072726378349264,43.32,3.51
2018,21720,1,4,54.193020000000026,0.5641322273544385,54.12,3.8
2018,21720,1,5,63.512459999999976,0.48431857011135687,63.55,4.4
2018,21720,1,6,71.75472000000003,1.72579664785266,72.2,5.36
2018,21720,1,7,79.09871999999984,1.1893709126827812,79.65,3.75
2018,21720,1,8,83,0,83,0
2018,21720,2,1,22.964400000000026,0.9033523847658367,23,2.53
2018,21720,2,2,34.547419999999974,0.8790769569226489,33.77,3.4
2018,21720,2,3,43.02238000000004,0.5048928293591392,43.03,3.78
2018,21720,2,4,54.71381999999997,0.7000595505731618,54.55,4.12
2018,21720,2,5,64.84884000000001,0.45254906442442555,64.83,4.37
2018,21720,2,6,74.61792,0.7559130125650239,74.87,4.52
2018,21720,2,7,83.29468000000004,1.304928263601602,83.86,5.04
2018,21720,2,8,88.43480651731157,4.520858383505564,88.27,5.78
2018,21720,2,9,94,0,94,0
2018,21720,2,10,99,0,99,0
2018,21720,3,1,20.06281323877066,1.081337104806777,19.51,2
2018,21720,3,2,33.07490049751246,1.9481296395052752,32.37,2.26
2018,21720,3,3,48.610216718266265,3.9117680728786723,49.45,3.51
2018,21720,3,4,56.178098765432104,2.8622278226991513,54.56,2.95
2018,21720,3,5,63.709767441860485,2.170868890712297,62.99,4.46
2018,21720,3,6,71.17529274004683,4.249081159555213,72.34,5.7
2018,21720,3,7,80.76125412541256,2.7827056509523596,81.54,3.54
2018,21720,4,1,23.249863315254466,0.5021403069966281,23.121679236552396,2.400751252447271
2018,21720,4,2,34.68310023193017,0.5458226194644008,34.03087642028569,3.2701458807493093
2018,21720,4,3,43.17249540123926,0.32727871392539515,43.182509936432915,3.6437578741139287
2018,21720,4,4,54.429236765782235,0.4337776838272082,54.318164384028634,3.9333546870922693
2018,21720,4,5,64.16736210241936,0.33419729905673656,64.18127446285953,4.385531289143433
2018,21720,4,6,73.641783540523,0.7963053183054939,73.92743441742908,4.818038525811897
2018,21720,4,7,81.65798682406164,0.948562059016574,82.19164759074071,4.523627432531484
2018,21720,4,8,87.38619998511574,4.086461149496447,87.68644284205679,5.139969568707458
2018,21720,4,9,94,0,94,0
2018,21720,4,10,99,0,99,0
2018,21740,0,1,14.978339999999996,0.25715852194866423,14.98,2.05
2018,21740,0,2,23.66619999999998,0.6889560805754775,23.6,2.89
2018,21740,0,3,31.721419999999984,0.6900206087364071,31.83,2.46
2018,21740,0,4,38.338719999999995,0.8036424852433927,38.24,2.43
2018,21740,0,5,42.43989999999997,0.19108851257801615,42.39,1.98
2018,21740,0,6,46.21441999999996,0.3172853662040126,46.18,2.53
2018,21740,0,7,49.519560000000006,0.40019059387102734,49.5,2.9
2018,21740,0,8,50.53532000000003,0.5599231424498382,50.54,2.97
2018,21740,0,9,51.67526000000002,0.49757541638427033,51.74,2.95
2018,21740,0,10,53.830540000000006,0.8186821050800835,53.87,3.59
2018,21740,0,11,55.09019999999996,1.3269624027970326,55.19,3.11
2018,21740,0,12,61.529436008676804,4.9676455041735155,59.41,4.01
2018,21740,0,16,65,0,65,0
2018,21740,1,1,16.544359999999987,0.3717582531667524,16.69,1.54
2018,21740,1,2,24.03359999999999,0.6548883856010812,23.92,2.24
2018,21740,1,3,32.008379999999995,1.1065776990379013,31.94,2.5
2018,21740,1,4,38.44176000000003,1.2396159881172846,38.34,2.59
2018,21740,1,5,42.30352000000004,0.23331455368648527,42.26,1.98
2018,21740,1,6,45.858600000000045,0.37256953191615705,45.82,2.36
2018,21740,1,7,48.664739999999966,0.430435921555265,48.66,2.39
2018,21740,1,8,49.799980000000005,0.6570574164386198,49.81,2.69
2018,21740,1,9,50.99727999999998,0.5083063567422793,51.1,2.52
2018,21740,1,10,52.41385999999999,1.0415208263224154,53.05,3.29
2018,21740,1,11,54.07649694501018,0.5978385809465621,54.12,0.84
2018,21740,1,12,60,0,60,0
2018,21740,1,16,65,0,65,0
2018,21740,2,1,16.535760000000007,0.6030583563489728,16.64,1.6
2018,21740,2,2,23.924780000000002,0.5973161011133875,23.63,2.45
2018,21740,2,3,30.94388000000005,0.8514157404736259,30.94,1.79
2018,21740,2,4,38.07567999999995,1.222798187934883,38.03,2.09
2018,21740,2,5,42.704099999999976,0.27417902596032595,42.59,1.96
2018,21740,2,6,46.47350000000001,0.39485208158583307,46.42,2.62
2018,21740,2,7,50.40857999999997,0.5961306291863455,50.5,3.17
2018,21740,2,8,51.242599999999996,0.8510342876273758,51.16,2.78
2018,21740,2,9,52.33749999999997,0.7009800968589512,52.52,2.98
2018,21740,2,10,54.91880000000004,1.0385397872876896,55.08,3.54
2018,21740,2,11,55.513720000000006,1.762606969308959,55.61,3.45
2018,21740,2,12,62.409770642201806,5.827801300083169,60.34,4.29
2018,21740,3,1,14.06531999999998,0.1828895699310903,13.96,1.55
2018,21740,3,2,17.073887775551093,4.1374579088154775,13.68,3.44
2018,21740,3,3,32.33288690476189,3.114616815847392,32.29,3.49
2018,21740,3,4,36,0,36,0
2018,21740,3,6,49,0,49,0
2018,21740,3,7,49,0,49,0
2018,21740,3,8,49,0,49,0
2018,21740,3,9,49,0,49,0
2018,21740,3,10,49,0,49,0
2018,21740,4,1,14.78874496059232,0.2519799062500506,14.947256630617973,1.5554423775239312
2018,21740,4,2,23.460446588823345,0.8564581262305742,23.476356762589752,2.3721503181266326
2018,21740,4,3,31.60838389621356,0.7532568611328478,31.55424672427078,2.2284668945134682
2018,21740,4,4,38.406388755619986,0.7971291013863755,38.205420585570735,2.3742157028145647
2018,21740,4,5,42.48745688292091,0.18243804728487034,42.4133317870602,1.9707071644205938
2018,21740,4,6,46.18993256762755,0.2947761777585011,46.15243863222227,2.503731024315659
2018,21740,4,7,49.48682187947621,0.3687844236750878,49.535708440269666,2.7609442233214727
2018,21740,4,8,50.425018689217666,0.5279845967094811,50.40816703095191,2.72953470582174
2018,21740,4,9,51.48522701305552,0.4177804210250519,51.618132106297914,2.687659846602997
2018,21740,4,10,53.5018835407435,0.7646686278105378,53.91833660847198,3.396754946767319
2018,21740,4,11,54.932772193943805,1.095050722181693,55.080395108849835,2.5223028416765616
2018,21740,4,12,61.10687021074716,4.419469183535162,60.2342889187076,2.9561748860458685
2018,21740,4,16,65,0,65,0
2019,21720,0,1,22.03020000000001,0.33569113344583335,21.84,3.84
2019,21720,0,2,38.15688000000002,1.3405062400299068,37.19,3.95
2019,21720,0,3,46.657999999999994,0.3093059008175581,46.68,3.21
2019,21720,0,4,57.07976,0.32396952774886045,57.09,4.09
2019,21720,0,5,66.26386000000001,0.5434961605688728,66.25,4.24
2019,21720,0,6,73.61808,0.4776314239602635,73.61,4.69
2019,21720,0,7,82.00902000000004,1.2164551639628414,82.69,6.22
2019,21720,0,8,86.5635542168674,4.1626905691776575,86.72,6.52
2019,21720,0,9,92.9889037433155,1.8677144428524315,92.28,1.87
2019,21720,0,10,93,0,93,0
2019,21720,1,1,22.110420000000016,0.408688728194339,21.83,3.81
2019,21720,1,2,39.26092000000001,0.7819101742791703,38.22,2.74
2019,21720,1,3,46.48286000000001,0.4141456914026931,46.5,3.06
2019,21720,1,4,56.94194000000005,0.47941768744809155,56.9,4.06
2019,21720,1,5,65.51574000000002,0.7415982661635298,65.51,4.18
2019,21720,1,6,71.78516000000002,0.5639971275811958,71.79,4.03
2019,21720,1,7,78.38037999999999,1.875941355036204,79.43,4.84
2019,21720,1,8,84.07490291262134,3.4764797112546506,83.6,3.47
2019,21720,1,9,91,0,91,0
2019,21720,2,1,22.535899999999998,0.46474009587448645,21.96,3.6
2019,21720,2,2,38.468499999999985,1.7913103403572879,37.56,4.28
2019,21720,2,3,46.7794,0.4401617028426014,46.79,3.27
2019,21720,2,4,57.25162000000003,0.4348772378775971,57.28,4.09
2019,21720,2,5,66.88945999999997,0.7094186761822895,66.84,4.22
2019,21720,2,6,74.88614,0.6507021799979682,74.92,4.59
2019,21720,2,7,83.49025999999996,1.7312187525377252,84.49,6.3
2019,21720,2,8,89.02842650103523,5.801090183016931,87.1,6.98
2019,21720,2,9,95,0,95,0
2019,21720,2,10,93,0,93,0
2019,21720,3,1,15.988659999999985,1.3431211237659142,15.61,3.12
2019,21720,3,2,36,0,36,0
2019,21720,4,1,22.248475736362437,0.34999052644538015,21.83578115959889,3.7049444648035235
2019,21720,4,2,38.76308573236091,1.144036042742443,37.86620273994044,3.555550301566788
2019,21720,4,3,46.63731459545962,0.31286689905982473,46.64572162514154,3.16552255613698
2019,21720,4,4,57.09027655814724,0.3221867088264842,57.082348023071866,4.074395896558305
2019,21720,4,5,66.21054129216233,0.5286831573468364,66.18857898179576,4.200408390429947
2019,21720,4,6,73.46313444043169,0.4757919826142183,73.4855807660987,4.3333626929761255
2019,21720,4,7,81.56144591338585,1.3676452139771844,82.48463881290772,5.721377997400246
2019,21720,4,8,86.04604052829427,4.124518377969329,85.0689884101682,4.943185519911552
2019,21720,4,9,94.0279087654554,1.5635994898164656,93.98694905649207,0
2019,21720,4,10,93,0,93,0
2019,21740,0,1,14.300559999999985,0.17734539514280237,14.27,2.1
2019,21740,0,2,27.084120000000013,0.7205290763736045,26.62,3.22
2019,21740,0,3,34.23076000000002,1.088961108116346,34.32,3.03
2019,21740,0,4,38.44659318637272,1.1758146867359,38.28,2.39
2019,21740,0,5,42.94837999999999,0.386349722163264,42.93,2.23
2019,21740,0,6,46.65692000000003,0.12950852681207536,46.65,2.4
2019,21740,0,7,50.53629999999999,0.3679147081388971,50.57,3.01
2019,21740,0,8,51.746619999999986,0.5154467443806248,51.75,2.97
2019,21740,0,9,52.971059999999994,0.8680387427516331,52.96,3.41
2019,21740,0,10,53.54571999999999,0.9804197710444796,53.55,3.17
2019,21740,0,11,56.28103999999997,1.1625785548479657,56.62,3.14
2019,21740,0,12,59.608364008179905,1.977530072312089,59.49,2.04
2019,21740,1,1,15.85918,0.45988925172012385,15.98,2.3
2019,21740,1,2,27.31964,0.9113854933204004,26.82,3.01
2019,21740,1,3,34.07914,0.8034321794239186,34.61,2.2
2019,21740,1,4,38.92811623246491,1.8276414175438025,38.71,2.62
2019,21740,1,5,42.77392000000004,0.48110576708062497,42.68,2.16
2019,21740,1,6,46.03078000000004,0.16269151378395436,46.03,2.16
2019,21740,1,7,49.500879999999995,0.4252789083646164,49.51,2.49
2019,21740,1,8,50.414699999999954,0.5881489167690382,50.46,2.25
2019,21740,1,9,52.373180000000026,0.9050692726950539,52.63,3.02
2019,21740,1,10,52.52024000000001,1.5358322511939955,52.6,3.26
2019,21740,1,11,55.22268537074149,1.3287601806485325,55.82,2.53
2019,21740,1,12,61.051893764434155,1.9124429591549164,60.5,1.88
2019,21740,2,1,15.59554000000001,0.34937491905993523,15.8,2.12
2019,21740,2,2,27.25838000000001,1.1073655641138433,27.43,4.12
2019,21740,2,3,34.881042084168335,2.5737725885522202,34.75,4.16
2019,21740,2,4,38.39629327902246,0.7449791858040511,38.35,1.11
2019,21740,2,5,43.461720000000014,0.627524194616956,43.31,2.27
2019,21740,2,6,47.370500000000035,0.17409240745266683,47.36,2.46
2019,21740,2,7,51.44400000000004,0.4859282380197821,51.46,3.02
2019,21740,2,8,52.90846,0.7241811272119842,52.95,2.95
2019,21740,2,9,53.58242000000005,1.458089432506241,53.69,3.97
2019,21740,2,10,54.28507999999999,1.167323898396471,54.48,2.99
2019,21740,2,11,57.444769539078074,1.978237242431595,57.65,3.39
2019,21740,2,12,57.86080862533692,1.8170822746938247,58.51,1.93
2019,21740,3,1,13.864960000000007,0.15942468711502444,13.78,1.7
2019,21740,3,2,24.309570405727925,3.1978694023566354,22.22,2.26
2019,21740,3,3,31,0,31,0
2019,21740,3,4,31,0,31,0
2019,21740,3,6,53.77960486322189,0.7723346153223081,53.84,1.31
2019,21740,3,7,54.786946107784445,1.2155453119877169,55.13,2.69
2019,21740,3,8,54.63485029940121,1.364272504674899,55.24,2.39
2019,21740,3,9,54.744410876132946,1.1910740761647256,55.13,2.18
2019,21740,3,10,55.4764525993884,2.043927625451477,56.92,3.1
2019,21740,3,11,55.79574829931973,2.4951293067193245,57.85,3.33
2019,21740,3,12,59.97837500000001,0.9479988108025341,60.33,0.94
2019,21740,4,1,14.233828737050938,0.16067870301635515,14.245674992602012,1.8134811580036077
2019,21740,4,2,27.27188913058013,0.6970697672732417,27.058853521986137,3.470225782893795
2019,21740,4,3,34.53590937775004,1.324585955419612,34.66923320033835,3.034536695158419
2019,21740,4,4,38.80500236971021,1.0506002390338336,38.55224582317808,1.962337353694032
2019,21740,4,5,43.07956283138996,0.389386646528791,42.95536314752942,2.2080792797273587
2019,21740,4,6,46.6794541127958,0.12600819098110289,46.67381993119828,2.3052127205325346
2019,21740,4,7,50.56898950945843,0.3398208824105864,50.60285248273293,2.786948311140848
2019,21740,4,8,51.62124430045587,0.4984977800649828,51.683780302929016,2.593948341167638
2019,21740,4,9,52.837317117103325,0.8346807672430334,53.08395417639713,3.4264202508613466
2019,21740,4,10,53.45229740046495,0.9340239151022032,53.69944263382294,3.102188851857183
2019,21740,4,11,56.21150501091932,1.1250830831503822,56.737709043654384,2.9612399037232953
2019,21740,4,12,59.19937841371381,1.9340678542004546,59.24478892274132,1.9106191651527005
2021,21720,0,1,22.151440000000015,0.2993558990710176,22.03,3.25
2021,21720,0,2,37.91560000000002,0.4054659607051881,37.81,3.58
2021,21720,0,3,45.85013999999996,0.2667066652533851,45.83,3.44
2021,21720,0,4,56.210960000000014,0.5179974141268314,56.26,4.43
2021,21720,0,5,68.10681999999996,0.6334782371588684,68.02,3.88
2021,21720,0,6,76.37347999999997,0.7992154780537732,76.36,4.61
2021,21720,0,7,82.62299999999998,0.8527349610680072,82.98,4.88
2021,21720,0,8,92.90530000000003,2.535453402828739,93.14,4.83
2021,21720,0,9,96.52356818181823,2.433853632269886,96.86,2
2021,21720,1,1,22.422559999999987,0.3808573894546414,22.35,2.89
2021,21720,1,2,37.984419999999986,0.5966817592684456,37.7,3.62
2021,21720,1,3,45.823419999999984,0.35432922826660523,45.79,3.41
2021,21720,1,4,55.81347999999998,0.6712351322790033,56.15,4.29
2021,21720,1,5,68.20820000000002,0.7786481528211463,67.96,3.76
2021,21720,1,6,75.12886,1.1507323190648118,75.56,4.57
2021,21720,1,7,80.12367999999996,1.3042268487291204,80.52,4.33
2021,21720,1,8,89.47904761904762,3.34153223876662,88.42,3.42
2021,21720,1,9,93,0,93,0
2021,21720,2,1,22.304299999999994,0.36921585922249167,22.18,2.99
2021,21720,2,2,38.38817999999997,0.48632284278535565,38.15,3.24
2021,21720,2,3,45.901039999999995,0.36078088099035444,45.86,3.43
2021,21720,2,4,55.99375999999999,0.7332363421618804,56.15,4.58
2021,21720,2,5,68.02860000000001,1.0347662162268774,67.89,4.21
2021,21720,2,6,77.52081999999997,1.0484264034479929,77.37,4.12
2021,21720,2,7,83.89527999999999,1.1513075783124853,84.25,5.03
2021,21720,2,8,94.41787999999985,3.110663008798706,94.35,5.06
2021,21720,2,9,98.34066666666666,1.3898456550068907,97.65,1.23
2021,21720,3,1,19.772184368737474,2.3913975342345584,19.34,4.07
2021,21720,3,2,39.81629032258068,2.088819479168227,38.77,4.49
2021,21720,3,3,46.94478000000001,1.211886913611483,46.85,3.93
2021,21720,3,4,56.84569999999996,1.296766175927665,56.88,4.57
2021,21720,3,5,67.46899999999997,1.204056353916549,67.51,3.45
2021,21720,3,6,76.76759999999999,2.0067896375302015,77.05,4.89
2021,21720,3,7,83.22106854838701,2.5410647309757377,84.16,4.83
2021,21720,3,8,91.00167452830192,3.564516058414827,92.2,3.51
2021,21720,4,1,22.275612169191565,0.30147450704020307,22.140046661941113,2.986980021539604
2021,21720,4,2,38.19139141843963,0.4004862644031884,37.910629145298365,3.4486885183821645
2021,21720,4,3,45.859293321367964,0.2567981561274786,45.82994598809325,3.422663299011073
2021,21720,4,4,55.91372355929561,0.4918783637985978,56.159200971213224,4.437606769032865
2021,21720,4,5,68.10755651766928,0.6053401921026341,67.9259366663869,3.926685964511182
2021,21720,4,6,76.24336599895672,0.7709427461577514,76.41452341630249,4.367809299431873
2021,21720,4,7,82.48989436759723,0.9291529276067999,82.944474863172,4.780999084478153
2021,21720,4,8,92.69427646817982,2.6690236359332546,92.88277143164221,4.595661832615907
2021,21720,4,9,96.93604921823955,2.099025671163187,97.20988529502499,1.1135825619098367
2021,21740,0,1,14.686759999999994,0.36586119119475474,14.69,2.61
2021,21740,0,2,27.722699999999993,0.546639313513176,27.59,3.12
2021,21740,0,3,34.400379999999984,0.6311039851562976,34.36,2.79
2021,21740,0,4,39.07741999999999,0.36409486915843087,39.06,2.1
2021,21740,0,5,43.727720000000005,0.5306939548812433,43.68,2.54
2021,21740,0,6,46.92855999999994,0.28802890079884463,46.93,2.7
2021,21740,0,7,49.53235999999996,0.22881596073651758,49.52,2.66
2021,21740,0,8,51.973739999999964,0.4098836684271364,51.97,3.17
2021,21740,0,9,53.79086000000011,0.6431207265652971,53.77,3.14
2021,21740,0,10,55.709559999999996,1.0160879271753516,55.7,3.93
2021,21740,0,11,55.43306000000003,0.9810969058545412,55.48,2.89
2021,21740,0,12,57.7303,1.864662984587881,57.61,4.15
2021,21740,0,13,58.94854389721628,3.0009326196469615,58.25,2.89
2021,21740,0,14,61.390708333333336,2.0082512252321636,62.26,2.92
2021,21740,1,1,16.65132000000002,0.4027633227943885,16.8,1.97
2021,21740,1,2,27.494439999999983,0.7190225819448881,27.27,3.1
2021,21740,1,3,34.08502000000001,0.9226724491914744,33.97,3.05
2021,21740,1,4,39.08084,0.46205831902516464,39.05,2.11
2021,21740,1,5,43.32368000000003,0.6234988044240634,43.25,2.32
2021,21740,1,6,46.33679999999997,0.3528608529762494,46.32,2.41
2021,21740,1,7,48.578239999999994,0.29658663095176535,48.58,2.42
2021,21740,1,8,50.75525999999998,0.4442116391549432,50.77,2.35
2021,21740,1,9,52.66484000000001,0.7964886456977593,52.61,2.54
2021,21740,1,10,54.18212000000001,1.138864315649111,54.23,3.18
2021,21740,1,11,55.781302605210406,1.2011532722124236,56.34,2.6
2021,21740,1,12,56.59154,2.4008296470988477,57.24,3.84
2021,21740,1,14,66,0,66,0
2021,21740,2,1,17.36414,0.8831637542571974,17.07,2.33
2021,21740,2,2,28.466959999999997,0.7745141074281413,28.22,3.19
2021,21740,2,3,34.920899999999996,0.8171710512824766,34.68,2.67
2021,21740,2,4,39.16202000000004,0.6161514463259983,39.09,2.2
2021,21740,2,5,44.15188000000002,0.7675741043125558,44.08,2.68
2021,21740,2,6,47.69432000000002,0.44692686745115195,47.61,2.86
2021,21740,2,7,50.46989999999999,0.2774508026584021,50.48,2.5
2021,21740,2,8,52.954559999999994,0.5795866179402271,52.92,3.33
2021,21740,2,9,54.644900000000014,0.8503460276460795,54.74,3.19
2021,21740,2,10,56.700079999999986,1.5567506347123663,56.72,4.15
2021,21740,2,11,55.26552000000004,1.3595267395351303,55.17,3.03
2021,21740,2,12,58.68903999999993,2.67098322367669,58.35,4.26
2021,21740,2,13,58.86713062098503,2.977612804763303,58.04,2.91
2021,21740,2,14,60.361300639658836,1.502403847777231,60.43,1.73
2021,21740,3,1,13.35978,0.23167455146301927,13.24,1.72
2021,21740,3,2,26.885791583166334,0.8792027722363772,26.72,2.67
2021,21740,3,3,34.68614457831325,2.0996701846927412,35.03,4.17
2021,21740,3,4,41.21170000000001,0.7562819810558359,41.38,1.61
2021,21740,3,5,44.41467999999998,0.5261579439331197,44.33,2.05
2021,21740,3,6,46.83254,0.38685690497890785,46.69,2.14
2021,21740,3,7,48.791320000000034,0.5471583153385208,48.59,2.25
2021,21740,3,8,51.27072000000001,1.0528877560565073,50.97,3.35
2021,21740,3,9,53.39992000000001,1.1961662178985342,53.31,3.38
2021,21740,3,10,55.115620000000014,1.8907580881476593,55.04,4.37
2021,21740,3,11,55.68706000000001,1.567536122515453,55.87,3.28
2021,21740,3,12,56.146822810590656,2.8992309478459974,56.55,4.5
2021,21740,3,13,58.493995271867604,2.7801742026596084,59.4,2.6
2021,21740,3,14,61.66381868131868,2.706886632232728,63.89,2.87
2021,21740,4,1,14.519322545987785,0.3496025413861101,14.718653109215188,1.8853283559392173
2021,21740,4,2,27.939115531463074,0.566535577518606,27.70765214029613,3.14101681229959
2021,21740,4,3,34.45493241323789,0.6474459375448346,34.28103262830872,2.8847646821949895
2021,21740,4,4,39.12363573189289,0.3975140008795488,39.074058862113674,2.147892624748618
2021,21740,4,5,43.70931843221659,0.5043104694513914,43.655023722933414,2.488555352385561
2021,21740,4,6,46.951028810413554,0.2855809155144034,46.911646367948606,2.6121643138204758
2021,21740,4,7,49.538495759545775,0.21659122497026878,49.54960817653817,2.4593450606950813
2021,21740,4,8,51.93205876953144,0.3906714400129682,51.93356172437277,2.8860588684962765
2021,21740,4,9,53.701380875680684,0.6287238510230151,53.73044086499488,2.8848119348034214
2021,21740,4,10,55.402137551679616,1.0495413720600184,55.500066054232136,3.6780404550638206
2021,21740,4,11,55.457202846884876,0.9059417563510771,55.71279040151336,2.832519606896208
2021,21740,4,12,57.37912877489684,1.7858941118419198,57.73163369780669,4.028313215737291
2021,21740,4,13,58.8689465402684,2.976818998489814,58.048463490836696,2.9080708219416356
2021,21740,4,14,60.85107552416308,1.692589676825654,60.95671919130903,1.5916474429427205
2022,21720,0,1,18.589679999999994,0.42838735865816147,18.59,3.22
2022,21720,0,2,36.85105999999999,0.183175825824077,36.72,2.51
2022,21720,0,3,44.37942000000001,0.39139115686912335,44.39,3.65
2022,21720,0,4,55.020300000000056,0.2873040152771777,55.01,4.25
2022,21720,0,5,66.27451999999997,0.6373256133837317,66.25,4.01
2022,21720,0,6,76.64642,0.7495311718368426,76.75,4.37
2022,21720,0,7,83.93394000000004,1.2575404137380113,84.03,5.93
2022,21720,0,8,88.58996000000009,1.762566560490786,88.97,5.29
2022,21720,0,9,94.6418436873747,2.5632024960502564,94.71,4.51
2022,21720,0,10,94,0,94,0
2022,21720,1,1,19.167379999999994,0.4066222065230517,19.11,2.75
2022,21720,1,2,36.99346000000001,0.26550105464958157,36.83,2.54
2022,21720,1,3,44.34856000000001,0.5815874950760699,44.37,3.77
2022,21720,1,4,54.93373999999993,0.4246505251816772,54.95,4.36
2022,21720,1,5,65.09608000000004,0.8640800322912277,65.21,3.71
2022,21720,1,6,75.13289999999999,0.8920500527398597,75.25,3.77
2022,21720,1,7,80.04130000000002,2.234234570996625,80.24,5.96
2022,21720,1,8,86.11108000000013,2.0964198018457907,86.19,4.37
2022,21720,1,9,90.1306578947369,1.7632824053306166,89.95,2.08
2022,21720,2,1,19.322199999999977,0.3762028937082607,19.58,2.49
2022,21720,2,2,36.90797999999999,0.2700896451789031,36.74,2.29
2022,21720,2,3,44.41806000000003,0.5268281809703512,44.43,3.48
2022,21720,2,4,55.08661999999993,0.3322407914253964,55.08,4.14
2022,21720,2,5,66.78820000000006,0.7491071238253793,66.94,4.11
2022,21720,2,6,78.18588000000003,1.215035492525297,78.28,4.59
2022,21720,2,7,86.25325999999994,1.1438170339763387,86.27,4.45
2022,21720,2,8,91.63944000000004,2.071655376358914,91.75,4.07
2022,21720,2,9,97.98781818181828,2.351617172755616,97.25,2.86
2022,21720,2,10,94,0,94,0
2022,21720,3,1,15.101619999999986,0.8115743227596136,14.71,2.6
2022,21720,3,2,36.021151315789474,0.3726468392418521,35.77,2.48
2022,21720,3,3,41.50427631578947,0.7516938864824967,41.5,2.98
2022,21720,3,4,56.78430348258708,1.7474252201989484,56.26,4.24
2022,21720,3,5,62.88234939759039,2.6791154735197225,64.18,2.91
2022,21720,4,1,18.690785188074855,0.4233790052312053,18.705118798073805,2.6308294062587927
2022,21720,4,2,36.94604737792421,0.1861752152440264,36.775785476576104,2.4198763124485634
2022,21720,4,3,44.37780453936171,0.4117861422239723,44.3915113804575,3.6289796409828448
2022,21720,4,4,55.0075806478956,0.2912596362693368,55.01477167148188,4.2535810994332
2022,21720,4,5,66.05842193754114,0.5868363996577961,66.201090200186,3.9386272152795985
2022,21720,4,6,76.50689297723875,0.7429899070704387,76.61837475244351,4.14031923993521
2022,21720,4,7,83.84261107589127,1.313795227284391,84.04075737841566,5.0082348853386955
2022,21720,4,8,88.29862957848037,1.6954493324687234,88.46119721168795,4.247453387858564
2022,21720,4,9,95.01979801980472,2.332844824739877,95.19835987273822,2.640783657635043
2022,21720,4,10,94,0,94,0
2022,21740,0,1,13.172400000000001,0.25682866258236775,13.18,2.2
2022,21740,0,2,27.691760000000002,0.5705540871229171,27.56,2.71
2022,21740,0,3,34.697759999999995,0.4349972731584768,34.66,2.18
2022,21740,0,4,39.752619999999986,0.268578488358278,39.74,2.48
2022,21740,0,5,43.429220000000036,0.3326784355544644,43.4,2.29
2022,21740,0,6,47.063180000000045,0.45690086934565743,47,2.36
2022,21740,0,7,49.296980000000005,0.3301755766601243,49.29,2.76
2022,21740,0,8,51.50488000000003,0.39274812256145947,51.5,3.15
2022,21740,0,9,53.56351999999999,0.5994556729297131,53.64,3.75
2022,21740,0,10,55.45566000000001,0.7064445428937567,55.46,3.2
2022,21740,0,11,58.01692,1.0361417340238601,58.21,3.96
2022,21740,0,12,59.71133999999997,1.4943182990104602,60.03,4.17
2022,21740,0,13,63.194939999999946,2.9113288835403446,62.47,4.15
2022,21740,0,14,61.856428571428566,3.178257691705822,61.29,3.84
2022,21740,0,17,63,0,63,0
2022,21740,1,1,16.036539999999988,0.40312535084883216,16.13,1.74
2022,21740,1,2,27.57746,0.7776124424295451,27.72,2.5
2022,21740,1,3,35.10438000000002,0.5654843593959455,34.94,2.08
2022,21740,1,4,39.542060000000006,0.35299797668412525,39.51,2.48
2022,21740,1,5,43.07550000000001,0.46522857312347127,43.04,2.27
2022,21740,1,6,46.64848000000001,0.5059375804094226,46.62,2.13
2022,21740,1,7,48.419419999999946,0.408020618658544,48.41,2.57
2022,21740,1,8,50.59350000000001,0.4370432055610224,50.59,2.66
2022,21740,1,9,52.01472000000001,0.7789153611784528,52.07,3.22
2022,21740,1,10,54.038659999999965,1.1312358700055327,54.27,3.34
2022,21740,1,11,56.62158316633267,1.6925834257755317,56.48,2.93
2022,21740,1,12,58.50903225806458,3.1686474619861476,58.7,3.67
2022,21740,1,13,57,0,57,0
2022,21740,1,14,59.962263157894746,4.263857449860254,58.73,4.14
2022,21740,2,1,15.939440000000014,0.35974340443442204,16.01,1.85
2022,21740,2,2,27.968720000000015,0.7147299065231264,27.79,2.54
2022,21740,2,3,34.633199999999995,0.7223834408894924,34.46,2.32
2022,21740,2,4,40.01165999999995,0.3779464663982532,40.03,2.51
2022,21740,2,5,43.862519999999996,0.4835581729360249,43.81,2.27
2022,21740,2,6,47.561880000000016,0.6959404657466954,47.44,2.49
2022,21740,2,7,50.41844000000002,0.4479693286809687,50.39,2.62
2022,21740,2,8,52.316939999999995,0.6896547569382342,52.37,3.39
2022,21740,2,9,54.92157999999996,0.7039508485642935,55.05,3.66
2022,21740,2,10,56.16947999999994,0.8442958014823962,56.13,2.94
2022,21740,2,11,58.52123999999999,1.2799203313132492,58.71,4.03
2022,21740,2,12,60.13152000000001,1.853304931179937,60.42,4.01
2022,21740,2,13,64.18930000000006,2.672823990870395,63.7,3.49
2022,21740,2,14,63.371229946524046,1.3843840242532068,63.3,1.49
2022,21740,2,17,63,0,63,0
2022,21740,3,1,12.806539999999991,0.246771190459668,12.8,1.95
2022,21740,3,2,26.764472573839676,1.4795156042219624,26.78,2.42
2022,21740,3,3,33.489672131147536,0.9825562547040876,33.77,1.36
2022,21740,3,4,37.26112554112554,3.1563146137261557,35.99,2.55
2022,21740,3,5,46.04702764976957,1.3747080863075476,46.07,2.2
2022,21740,3,6,49.06173913043474,0.8784725043877566,48.96,2.32
2022,21740,3,7,50.862036613272295,0.781493640782188,50.84,2.5
2022,21740,3,8,52.390411899313506,0.6777795740878757,52.49,2.79
2022,21740,3,9,53.96086956521737,1.072834996723845,54.17,3.49
2022,21740,3,10,54.68329519450797,1.0620400298697132,54.89,2.71
2022,21740,3,11,57.90440909090906,3.102550441170664,59.04,5.14
2022,21740,3,12,59.58331707317075,4.17709222828164,61.91,5.73
2022,21740,3,13,63.20797342192691,3.556018871241347,65.41,3.91
2022,21740,3,14,56,0,56,0
2022,21740,4,1,13.115967954878595,0.25764448517850747,13.18872116061703,1.9319507992817635
2022,21740,4,2,27.795570136659826,0.5413061372536608,27.746896375204308,2.5180204060598177
2022,21740,4,3,34.932471926038666,0.45700707793423934,34.74097304539488,2.178227418912071
2022,21740,4,4,39.76541424822282,0.28853187499909727,39.75469985267215,2.494152053934526
2022,21740,4,5,43.44288261133487,0.34097518658789333,43.41002795942973,2.2699950633497945
2022,21740,4,6,47.077785281668504,0.43488332004272084,47.03123624299051,2.310313269080608
2022,21740,4,7,49.331000676499094,0.3272927625451627,49.32428527365571,2.593016024623794
2022,21740,4,8,51.457278575959926,0.41557703338309193,51.493180401722235,3.02991700214691
2022,21740,4,9,53.529815858712084,0.5896029133455204,53.662012099668445,3.455027972100429
2022,21740,4,10,55.376609316539344,0.6830466339583013,55.46202835167385,3.083209022460885
2022,21740,4,11,57.947539271247244,1.0866102621228255,58.11440602632395,3.7370574784476225
2022,21740,4,12,59.48234738596269,1.518417173362351,59.942946530718885,3.9169815982743277
2022,21740,4,13,62.6285756616096,2.9606491015552763,61.94905667993124,2.5771397025333305
2022,21740,4,14,61.46467909871013,2.951251525012683,61.376741526272276,2.6041289231733655
2022,21740,4,17,63,0,63,0
2023,21720,0,1,19.570400000000017,0.5485187194354831,19.44,3.97
2023,21720,0,2,35.61976000000001,0.47067889228143495,35.4,3.87
2023,21720,0,3,45.18742,0.48424759686563273,45.12,3.62
2023,21720,0,4,54.54918000000002,0.3092656108203305,54.55,4.03
2023,21720,0,5,64.41971999999996,0.45936080186775297,64.39,4.93
2023,21720,0,6,75.10341999999997,0.9304247869485941,75.37,4.72
2023,21720,0,7,83.34245999999993,1.7291395535326761,85.18,6.71
2023,21720,0,8,87.93451999999998,2.01278089803311,88.63,5.49
2023,21720,0,9,93.51568273092364,3.007034013290419,94.22,4.94
2023,21720,1,1,20.29288,0.5938165894312548,19.84,3.38
2023,21720,1,2,35.90225999999996,0.4406102213229609,35.71,3.61
2023,21720,1,3,45.05394000000001,0.630086895111128,45.02,3.44
2023,21720,1,4,54.26754,0.4269443891455251,54.24,3.95
2023,21720,1,5,64.00375999999999,0.6873834843149914,64.1,4.56
2023,21720,1,6,73.33476000000005,1.173743195327306,73.41,3.9
2023,21720,1,7,81.48558000000003,1.8764262347422178,82.29,5.68
2023,21720,1,8,85.66719999999995,1.8215944039068328,85.66,3.47
2023,21720,1,9,87.64775147928992,5.127124844635202,87.87,5.46
2023,21720,2,1,20.026480000000017,0.7093187405895202,20.13,3.43
2023,21720,2,2,35.597919999999995,0.5989098928214818,35.05,4.19
2023,21720,2,3,45.44725999999993,0.7393578243210587,45.35,3.75
2023,21720,2,4,54.80284,0.47438255872665486,54.78,3.99
2023,21720,2,5,64.5471,0.6689786655117035,64.61,5.1
2023,21720,2,6,75.81659999999998,1.2736516073219029,76.4,4.87
2023,21720,2,7,84.69977999999995,2.5379328513409947,85.71,5.04
2023,21720,2,8,90.18982000000011,3.062959354548348,90.96,6.08
2023,21720,2,9,95.03785425101209,2.678465064630561,95.3,3.69
2023,21720,3,1,14.989200000000002,0.7470308361374921,14.51,2.7
2023,21720,3,2,31.70906862745096,5.192207174856378,33.02,5.62
2023,21720,3,3,46.64872727272725,1.1505871406699302,46.49,3.31
2023,21720,3,4,54.6460909090909,1.5489079674044295,54.78,4.32
2023,21720,3,5,64.08306818181818,2.7270272841598957,64.85,6.41
2023,21720,3,6,74.86593220338982,1.9971767488798406,75.58,3.83
2023,21720,3,7,82.04763736263739,3.9048804555663543,82.75,5.28
2023,21720,3,8,88.95925696594428,5.1782975276334895,90.47,4.96
2023,21720,3,9,89.53754863813231,4.375971211682803,90.58,4.11
2023,21720,4,1,19.38855248043643,0.5679419392713474,19.228991094742195,3.3076920191829067
2023,21720,4,2,35.7402638761147,0.42025086644627674,35.35926056112273,3.917592806879506
2023,21720,4,3,45.24720937100032,0.4920607276033586,45.19207227545412,3.597048407408049
2023,21720,4,4,54.509129526150524,0.336613981272544,54.484908667471345,3.969462421809174
2023,21720,4,5,64.28319211260668,0.497532053236282,64.36720970976563,4.8474171920114415
2023,21720,4,6,74.58290229426778,0.9126404012426758,75.03055176304488,4.4181341172301805
2023,21720,4,7,82.71395079909175,1.4842717173095874,83.82785674016233,5.387989934398267
2023,21720,4,8,88.32507523464774,2.0325429270813555,88.51653450911445,4.864635662880447
2023,21720,4,9,93.17809178633532,3.219378445556024,93.71063821982298,4.056873889031043
2023,21740,0,1,12.831220000000013,0.19268774931861896,12.87,2.23
2023,21740,0,2,26.51129999999999,0.6569118482358994,26.31,3.3
2023,21740,0,3,35.186919999999986,1.0058347382355028,35.28,2.93
2023,21740,0,4,40.00994,0.2844764491134554,39.99,2.06
2023,21740,0,5,42.28607999999996,0.2897636269772969,42.29,2.28
2023,21740,0,6,45.98341999999999,0.3633512789351477,45.98,2.6
2023,21740,0,7,50.01516000000009,0.4340592000849155,50,2.93
2023,21740,0,8,51.59871999999996,0.43347082429042677,51.58,3.07
2023,21740,0,9,52.81984000000007,0.43131152739908857,52.84,3.33
2023,21740,0,10,55.591479999999954,0.6176912615451011,55.66,3.42
2023,21740,0,11,56.98629999999998,0.8314473642022552,57.19,3.38
2023,21740,0,12,58.37480000000008,1.3140767692608457,58.38,3.58
2023,21740,0,13,61.994308617234445,3.714876323289274,60.96,4.63
2023,21740,0,14,61.44001999999996,1.9180534031446128,61.7,3.39
2023,21740,0,15,65.84501108647449,2.838956801731763,66.42,2.93
2023,21740,1,1,17.254860000000008,0.9976209076351104,17.48,2.57
2023,21740,1,2,27.318019999999976,0.9986607663528717,27.21,3.25
2023,21740,1,3,34.59910000000003,1.4643213664111634,34.57,3.1
2023,21740,1,4,39.61565999999997,0.36644608042619214,39.56,2.09
2023,21740,1,5,42.01956000000001,0.37196413945713125,41.96,2.05
2023,21740,1,6,45.73119999999999,0.45800622200882574,45.71,2.35
2023,21740,1,7,49.21026,0.5663999914376776,49.19,2.55
2023,21740,1,8,50.72251999999999,0.5816148220277787,50.79,2.8
2023,21740,1,9,51.440700000000035,0.6050827714624185,51.43,2.89
2023,21740,1,10,53.945159999999994,0.9098504437873954,54.03,3.19
2023,21740,1,11,55.40761999999998,1.1994588524319434,55.69,2.65
2023,21740,1,12,56.33575999999999,1.8592436085655863,56.35,3.05
2023,21740,1,13,62.493727272727284,3.6047386198870965,61.02,3.88
2023,21740,1,14,63.111491596638636,2.245359959873454,62.98,1.49
2023,21740,1,15,65.32055432372505,2.982214300899052,65.11,3.45
2023,21740,2,1,17.99299999999999,1.3365163492841408,18.02,2.87
2023,21740,2,2,26.59387999999999,0.8718702087592187,26.29,3.18
2023,21740,2,3,35.925299999999986,1.3782049949176762,35.77,2.79
2023,21740,2,4,40.55335999999998,0.3978140551122971,40.53,1.84
2023,21740,2,5,42.61460000000005,0.38326103119945826,42.59,2.41
2023,21740,2,6,46.253080000000004,0.5427231434358052,46.21,2.84
2023,21740,2,7,50.65525999999999,0.5775958503423179,50.64,3.05
2023,21740,2,8,52.324280000000044,0.5873008822166924,52.32,3.17
2023,21740,2,9,53.91070000000002,0.4876553346892679,53.92,3.13
2023,21740,2,10,56.636659999999985,0.6321324443931897,56.72,3.05
2023,21740,2,11,58.239680000000014,1.011626152560861,58.49,3.25
2023,21740,2,12,59.99562000000002,1.4190152303791868,59.96,3.26
2023,21740,2,13,62.35931677018636,4.920440277026073,60.1,4.32
2023,21740,2,14,59.94010330578511,2.0599379349203795,59.55,2.55
2023,21740,3,1,12.535719999999982,0.16442186807539566,12.54,1.78
2023,21740,3,2,23.885639999999995,0.9359372561742534,23.83,2.52
2023,21740,3,3,33.86961218836565,3.385158762773818,33.09,2.92
2023,21740,3,4,40.394563106796134,1.235427190869505,40.75,1.03
2023,21740,3,5,40.73172499999996,0.41089214553597625,40.94,0.23
2023,21740,3,6,40.77071713147409,0.4081640401423656,40.97,0.16
2023,21740,4,1,12.738287984489123,0.18458044794712794,12.847298136452213,1.836700804507462
2023,21740,4,2,26.86424646833187,0.712083396415881,26.670053497029876,3.2034671270457418
2023,21740,4,3,35.46650596908699,1.0399038789665744,35.28176759018122,2.915905188180144
2023,21740,4,4,40.04630201505205,0.29283020582990427,39.99749402521293,1.977116932492608
2023,21740,4,5,42.321562489468754,0.2898528433163576,42.28750281652659,2.236924059828727
2023,21740,4,6,46.01671225921612,0.38897117038159007,45.99079798847701,2.625254624452991
2023,21740,4,7,49.96869378952635,0.4143815712734323,49.96601438372019,2.8175911668000677
2023,21740,4,8,51.51944941336738,0.43315274213711513,51.551672029625074,2.984195196706717
2023,21740,4,9,52.81859448483934,0.4144180968556236,52.83364213139856,3.025290807845644
2023,21740,4,10,55.578627028737856,0.5658694322777883,55.7098991117936,3.1025703064494032
2023,21740,4,11,57.03721018050345,0.7885799702633319,57.296705860339266,2.9942941129298433
2023,21740,4,12,58.31469572106626,1.2563699038058191,58.422324520534175,3.170550733881489
2023,21740,4,13,61.5221652687436,3.668380994263642,60.32990144097443,4.210047136925274
2023,21740,4,14,60.84859764394951,1.6087448041935761,61.17290157220407,2.0484619047999075
2023,21740,4,15,65.32055432372505,2.982214300899052,65.11,3.45
